Ma ck,gia,eps,pe,gt so sach,klgd10,kl niem yet,kl luu hanh,von hoa
OCH,10.4,1.22,8.51,8.02,310.0,200000000.0,200000000.0,2080.0
OGC,7.29,0.41,17.89,1.53,651401.0,300000000.0,299999999.0,2175.0
ONE,4.2,0.61,7.19,11.92,16085.0,7960310.0,7939810.0,34.94
OPC,57.5,3.73,15.26,24.22,3151.0,26577280.0,26577280.0,1514.9
ORS,11.9,1.89,6.44,3.72,389214.0,100000000.0,100000000.0,1220.0
PAC,27.6,3.44,8.15,15.75,31848.0,46471707.0,46471707.0,1301.21
PAI,9.5,0.53,17.76,10.84,,4235290.0,4235290.0,40.24
PAN,23.2,0.8,31.02,16.47,1824477.0,216358580.0,222358750.0,5514.5
PAS,15.1,0.45,32.78,12.81,599476.0,25500000.0,25500000.0,379.95
PBC,14.5,0.24,61.52,10.79,3585.0,90000000.0,90000000.0,1305.0
PBK,10.9,0.21,52.56,8.93,,8642300.0,8642300.0,94.2
PBP,7.5,1.24,6.05,11.98,452.0,4799516.0,4799516.0,36.0
PBT,7.4,0.8,9.25,10.81,,17522284.0,17522284.0,129.66
PC1,22.5,2.68,8.36,24.38,449157.0,159323929.0,191187727.0,4282.61
PCC,16.1,3.45,4.59,21.52,4886.0,11500000.0,11500000.0,181.7
PCE,9.0,1.41,6.52,16.02,2730.0,10000000.0,10000000.0,92.0
PCF,5.1,0.05,112.09,7.61,,3000000.0,3000000.0,15.3
PCM,10.3,0.26,39.02,15.94,3800.0,4000000.0,4000000.0,41.2
PCT,5.2,0.71,8.01,12.6,2181.0,23000000.0,23000000.0,131.1
PDB,7.6,1.36,5.57,15.11,1335.0,8909981.0,8909981.0,67.72
PDN,79.8,8.02,9.95,32.71,1253.0,18521954.0,18521954.0,1478.05
PDR,44.4,3.2,13.9,12.43,2998056.0,396169897.0,396169897.0,17629.56
PDV,5.7,0.21,29.79,13.86,321.0,23500000.0,23500000.0,150.4
PEC,7.0,0.34,20.41,20.76,,3115409.0,3115409.0,21.81
PEN,4.3,0.27,15.83,16.65,,5000000.0,5000000.0,21.5
PEQ,34.0,4.17,9.38,17.91,10.0,4965514.0,4965514.0,194.15
PET,16.6,1.62,10.28,18.02,2890521.0,86600124.0,85160834.0,1413.67
PFV,35.0,inf,,16.04,,60000000.0,60000000.0,2100.0
PGC,21.6,2.02,10.61,13.4,27477.0,60342638.0,60339285.0,1294.28
PGD,29.5,2.08,13.96,14.07,4127.0,89999025.0,89998070.0,2609.94
PGI,20.8,1.83,10.58,9.02,10501.0,88717773.0,88717773.0,1721.12
PGN,12.8,2.62,4.84,12.35,99820.0,3300000.0,3300000.0,41.91
PGS,19.4,0.58,32.74,19.09,120387.0,50000000.0,49998794.0,949.98
PGV,15.6,1.58,9.91,12.36,31572.0,1069969577.0,1069969577.0,16798.52
PHC,10.25,0.8,12.96,14.98,275675.0,25734340.0,25748260.0,267.78
PHH,9.5,1.62,5.87,12.15,1080.0,20000000.0,18100000.0,171.95
PHN,27.5,4.39,6.27,15.95,811.0,7253911.0,7253911.0,199.48
PHP,15.8,1.37,11.71,11.86,56412.0,326960000.0,326960000.0,5231.36
PHR,63.9,4.18,15.3,23.27,1068574.0,135499189.0,135499198.0,8658.4
PHS,9.7,0.59,16.43,10.83,200.0,90000000.0,89999510.0,873.0
PIA,28.6,3.96,6.95,13.91,1387.0,3900000.0,3900000.0,107.25
PIC,9.1,0.26,34.47,9.91,736.0,33339891.0,33339891.0,300.06
PIS,21.0,1.22,17.23,12.01,,27500000.0,27500000.0,577.5
PIT,4.7,0.13,38.25,8.44,4165.0,15199345.0,14210225.0,71.34
PJC,24.2,2.58,9.1,16.22,83.0,7326928.0,7326861.0,172.18
PJS,10.5,0.83,12.63,14.05,4610.0,9000000.0,9000000.0,94.5
PJT,10.55,2.11,5.03,14.4,3659.0,15360478.0,15360478.0,162.82
PKR,2.5,2.28,1.1,12.73,,2000000.0,2000000.0,5.0
PLA,3.2,0.16,19.49,9.76,,10000000.0,10000000.0,32.0
PLC,25.7,1.69,15.4,16.26,585150.0,80798839.0,80797566.0,2100.74
PLO,3.0,0.13,23.72,-1.53,,7192550.0,7192550.0,21.58
PLP,7.97,1.5,5.69,11.0,873037.0,40000000.0,39999847.0,340.8
PLX,53.9,0.86,62.69,17.04,953532.0,1293878081.0,1198813235.0,64376.27
PMB,9.6,0.68,14.02,11.62,100.0,12000000.0,12000000.0,115.2
PMC,56.9,8.06,7.01,38.45,1030.0,9332573.0,9332573.0,527.29
PME,76.5,4.2,18.12,25.95,24516.0,75011625.0,75011625.0,5708.38
PMG,13.15,0.37,35.48,9.58,2543.0,42162031.0,46336279.0,613.96
PMJ,18.4,2.66,7.21,26.22,220.0,1800000.0,1800000.0,34.56
PMP,10.0,1.49,6.7,14.87,250.0,4200000.0,4200000.0,42.0
PMS,15.5,2.74,5.66,21.29,612.0,7227662.0,7201772.0,111.63
PMT,4.2,0.31,15.72,16.35,100.0,5000000.0,4940000.0,23.71
PMW,27.3,2.74,9.98,15.59,10.0,40000000.0,30000000.0,819.0
PND,11.6,0.02,538.39,11.41,5860.0,6666666.0,6666666.0,88.67
PNG,14.5,1.24,11.03,4.48,190.0,9000000.0,13200000.0,180.84
PNJ,77.1,4.55,17.07,21.78,782713.0,225293585.0,225124026.0,17469.62
PNP,13.4,2.75,5.13,12.36,210.0,16100000.0,16100000.0,227.01
PNT,6.0,1.23,4.9,15.34,20.0,9282802.0,9282802.0,55.7
POB,17.4,inf,,10.35,446.0,10900000.0,10900000.0,189.66
POS,14.7,2.13,7.62,19.54,102050.0,40000000.0,40000000.0,648.0
POT,17.1,0.77,22.3,16.22,370.0,19430006.0,19430006.0,332.25
POW,11.65,0.67,17.45,12.02,13933368.0,2341871600.0,2341871600.0,27399.9
PPC,24.2,3.11,7.79,19.0,374084.0,326235000.0,320613054.0,7758.84
PPH,17.7,3.56,4.95,21.18,18311.0,74670891.0,74670891.0,1314.21
PPP,12.6,1.31,9.92,12.0,1314.0,8799991.0,8799991.0,114.4
PPS,7.5,0.94,8.11,11.98,8029.0,15000000.0,15000000.0,114.0
PPY,19.0,1.41,12.14,15.14,10.0,8240000.0,8240000.0,140.9
PQN,4.0,0.57,6.97,2.61,,30000000.0,30000000.0,120.0
PRC,8.6,0.34,25.06,23.21,0.0,1200000.0,1200000.0,10.32
PRT,12.0,2.01,5.81,24.36,3010.0,300000000.0,135000000.0,1579.5
PSB,11.8,0.05,197.43,11.34,28227.0,50000000.0,48750000.0,492.38
PSC,13.1,1.63,7.96,16.76,2165.0,7200000.0,7200000.0,93.6
PSD,15.7,1.88,8.39,12.26,64719.0,34935390.0,30619923.0,483.79
PSE,7.8,0.8,9.78,12.91,470.0,12500000.0,12500000.0,97.5
PSG,0.4,0.01,29.77,-11.84,14602.0,35000000.0,35000000.0,14.0
PSH,17.2,inf,,11.7,154895.0,126196780.0,126196780.0,2170.58
PSI,4.0,0.09,45.0,10.42,5909.0,59841300.0,59841300.0,239.37
PSN,10.0,1.07,9.32,13.11,,40000000.0,40000000.0,400.0
PSP,7.5,0.76,10.46,11.65,17484.0,22500000.0,40000000.0,316.0
PSW,8.2,0.48,18.79,11.86,20.0,17000000.0,17000000.0,153.0
PTB,59.7,7.96,7.56,39.22,234663.0,48599441.0,46059624.0,2772.79
PTC,9.04,0.39,23.34,15.27,119.0,17999999.0,16184299.0,148.09
PTG,0.1,4.51,0.02,27.78,,4864385.0,4827875.0,0.48
PTH,11.1,1.32,8.43,14.51,,3503164.0,3503164.0,38.89
PTI,20.7,1.41,14.7,22.92,1866.0,80395709.0,80395709.0,1664.19
PTK,1.7,0.03,51.04,10.85,,21600000.0,21600000.0,36.72
PTL,5.69,0.1,57.86,7.31,11251.0,100000000.0,98865080.0,554.63
PTM,4.3,0.92,3.8,8.87,1823.0,4200000.0,4200000.0,14.7
PTO,1.6,1.27,1.26,14.92,10.0,1200000.0,1200000.0,1.92
PTP,10.8,1.14,9.45,20.83,2.0,6800000.0,6671367.0,72.05
PTS,6.9,1.63,4.36,16.33,7441.0,5568000.0,5568000.0,39.53
PTT,4.1,0.74,5.43,11.27,402.0,10000000.0,10000000.0,40.0
PTV,4.3,0.33,12.85,10.73,93.0,20000000.0,20000000.0,86.0
PTX,0.2,1.24,0.16,13.12,,5847685.0,5847685.0,1.17
PV2,2.6,0.1,25.94,6.41,3840.0,37350000.0,36868800.0,95.86
PVB,16.8,7.3,2.3,22.95,351666.0,21599998.0,21599998.0,362.88
PVC,6.6,0.16,43.03,15.04,381642.0,50000000.0,47500000.0,323.0
PVD,13.65,0.63,22.53,32.77,8317284.0,421544970.0,421129789.0,5980.04
PVE,1.6,0.02,90.78,11.77,17511.0,25000000.0,25000000.0,40.0
PVI,30.4,3.11,9.87,30.04,36669.0,234241867.0,223518567.0,6862.02
PVM,18.2,1.11,16.78,12.5,55155.0,38638600.0,38638600.0,718.68
PVO,3.3,0.06,61.5,11.27,11777.0,8900000.0,8900000.0,31.15
PVP,10.0,2.13,4.88,14.49,204832.0,94275028.0,94275028.0,980.46
PVS,15.7,1.37,11.66,26.19,7858323.0,477966290.0,477966290.0,7647.46
PVT,13.4,1.99,6.74,16.63,3286479.0,281440162.0,323651228.0,4336.93
PWA,12.3,4.31,2.85,12.17,222455.0,10000000.0,10000000.0,123.0
PWS,12.0,0.44,27.54,10.99,,38398179.0,38398179.0,460.78
PXL,9.7,0.11,85.34,9.8,323991.0,82722212.0,82574412.0,809.23
PYU,22.5,0.55,41.14,21.4,20.0,2073985.0,2073985.0,46.66
QBR,10.1,2.0,5.05,12.3,100.0,1760500.0,1760500.0,17.78
QCC,9.0,0.84,10.75,16.73,,1500000.0,1329700.0,11.97
QCG,7.17,0.11,68.22,14.62,896542.0,275129310.0,275129141.0,1994.69
QHD,26.8,5.69,4.85,18.03,780.0,5524716.0,5524716.0,152.48
QHW,16.6,3.57,4.65,18.8,370.0,8000000.0,7979400.0,132.46
QLD,4.7,0.37,12.57,10.82,,1207400.0,1207400.0,5.67
QLT,9.1,3.6,2.53,15.78,,1500000.0,1500000.0,13.65
QNC,4.9,3.05,1.67,4.93,13956.0,38721909.0,38653909.0,197.13
QNS,38.0,3.2,11.96,17.43,315623.0,356939955.0,356939955.0,13670.8
QNU,17.7,0.33,53.91,10.58,,6800000.0,6800000.0,120.36
QNW,8.6,0.4,21.69,11.14,,34509012.0,20000000.0,172.0
QPH,20.0,2.3,8.26,14.5,840.0,18583100.0,18583100.0,353.08
QSP,18.0,2.34,7.71,14.83,60.0,10792275.0,10792275.0,194.26
QST,11.0,1.88,6.44,5.7,20.0,1620000.0,3240000.0,39.2
QTC,15.1,1.75,8.61,17.07,3831.0,2700000.0,2700000.0,40.77
QTP,10.8,0.77,14.2,10.54,80047.0,450000000.0,450000000.0,4950.0
RAL,133.0,14.93,8.76,82.69,13405.0,11500000.0,11500000.0,1504.2
RAT,11.3,1.17,9.7,13.16,40.0,5221841.0,5221841.0,59.01
RCC,25.4,3.49,7.27,15.94,,15457383.0,15457383.0,392.62
RCD,6.7,0.13,50.05,19.99,1660.0,5300062.0,4849832.0,32.49
RCL,18.3,1.26,15.2,22.11,119161.0,12598930.0,12598930.0,241.9
RDP,7.82,1.51,5.23,14.07,14785.0,37336716.0,41069921.0,324.04
REE,47.5,4.6,10.29,34.99,478670.0,310058841.0,310050926.0,14665.41
REM,1.6,inf,,17.48,,1148600.0,1148600.0,1.84
RHC,19.6,inf,,15.45,5070.0,5120000.0,5120000.0,101.38
RHN,9.2,0.06,153.29,10.17,,1509900.0,1509900.0,13.89
RLC,10.0,0.06,162.67,10.25,,1138689.0,1138689.0,11.39
RTB,12.4,1.24,10.11,14.88,450.0,87945000.0,87945000.0,1099.31
RTH,6.3,1.37,4.61,11.69,1400.0,2085900.0,2085900.0,13.14
RTS,19.9,4.71,4.22,16.41,161.0,1083333.0,1083333.0,21.56
S33,25.5,3.74,6.82,34.05,60.0,8331409.0,8331409.0,212.45
S4A,27.75,1.7,16.23,11.09,2202.0,42200000.0,42200000.0,1166.83
S55,25.0,1.73,15.04,44.38,10503.0,10000000.0,10000000.0,260.0
S64,6.0,inf,,24.52,3500.0,2000000.0,2000000.0,12.6
S74,4.2,0.06,75.74,18.11,528.0,6480000.0,6480000.0,27.22
S91,12.0,inf,,14.47,12576.0,2940000.0,2940000.0,37.63
S99,17.4,1.63,10.93,14.1,39736.0,52426723.0,52426723.0,933.2
SAB,199.0,6.65,29.93,30.88,86781.0,641281186.0,641281186.0,127679.08
SAC,9.2,1.71,5.38,18.17,5691.0,4050000.0,4050000.0,37.26
SAF,50.0,4.56,11.09,14.08,112.0,10055789.0,10055789.0,508.82
SAL,8.2,0.51,16.01,10.59,,8310000.0,8310000.0,68.14
SAM,9.88,0.4,25.23,10.64,71812.0,256504540.0,256504540.0,2559.92
SAP,17.2,0.46,37.25,6.16,10.0,1286984.0,1286984.0,22.14
SAS,27.4,1.08,25.43,11.1,4933.0,133481310.0,133451910.0,3669.93
SAV,17.4,2.09,8.34,19.88,73010.0,14599855.0,14204085.0,247.15
SB1,7.4,0.43,17.39,13.43,1180.0,10500000.0,10500000.0,77.7
SBA,14.9,1.18,12.75,13.53,51916.0,60488261.0,60285171.0,907.29
SBC,17.5,inf,,29.35,,8000000.0,8000000.0,
SBD,10.0,1.39,7.21,11.45,3895.0,10600094.0,11500000.0,115.0
SBH,31.0,2.39,12.95,16.82,82.0,124225000.0,124225000.0,3850.98
SBL,12.6,0.64,19.6,15.72,3286.0,12012000.0,12012000.0,151.35
SBM,26.0,1.2,21.62,12.66,,39000000.0,39000000.0,1014.0
SBT,19.6,0.74,26.58,12.37,3648399.0,586740552.0,608352785.0,12045.39
SBV,12.45,2.72,4.59,17.27,68516.0,27366476.0,27383976.0,342.3
SC5,19.5,2.18,8.9,23.1,614.0,14984550.0,14983499.0,291.43
SCD,24.1,0.64,37.28,22.77,3949.0,8500000.0,8477640.0,203.46
SCH,12.7,1.73,7.32,10.58,,15000000.0,15000000.0,190.5
SCI,73.4,7.99,9.27,24.17,7930.0,12099968.0,12099968.0,895.4
SCJ,2.6,0.27,9.54,12.2,8159.0,37839000.0,37839000.0,98.38
SCL,7.9,1.18,6.42,12.1,39877.0,13889973.0,13889973.0,105.56
SCO,3.0,0.38,7.94,-23.03,,4200000.0,4200000.0,12.6
SCR,7.43,0.19,40.61,12.49,4994060.0,366356303.0,366356303.0,2872.23
SCS,125.0,9.41,13.23,21.05,28140.0,49832000.0,50212000.0,6251.39
SCY,13.0,0.39,32.99,13.52,,61968926.0,61968926.0,805.6
SD4,3.9,0.63,5.85,17.45,1883.0,10300000.0,10300000.0,38.11
SD5,6.4,0.98,6.53,18.34,74693.0,25999848.0,25999848.0,166.4
SD6,2.6,0.07,38.35,13.16,68911.0,34771611.0,34771611.0,93.88
SD7,3.2,0.16,20.32,11.49,5850.0,10600000.0,10600000.0,33.92
SD9,6.7,0.38,17.74,19.13,12145.0,34234000.0,34234000.0,232.79
SDB,2.2,0.13,16.92,-0.7,,11000000.0,11000000.0,24.2
SDC,10.6,0.72,14.73,20.09,192.0,2609710.0,2609710.0,27.66
SDD,2.1,0.9,2.34,9.18,12532.0,16007685.0,16007685.0,33.62
SDG,28.0,7.51,4.1,36.3,1327.0,7439997.0,7139997.0,219.91
SDI,114.0,11.33,10.15,76.46,46831.0,119995800.0,119995800.0,13799.52
SDJ,5.7,0.0,1675.64,2.74,,4343700.0,4343700.0,24.76
SDK,28.8,3.69,8.13,16.37,410.0,2600000.0,2600000.0,78.0
SDN,32.6,4.41,6.66,25.51,160.0,1518218.0,1518218.0,44.64
SDS,4.4,inf,,12.12,440.0,2800000.0,2436300.0,9.99
SDT,4.5,0.45,10.04,20.66,154515.0,42732311.0,42732355.0,192.3
SDU,6.8,0.19,35.36,17.56,100.0,20000000.0,20000000.0,136.0
SDV,27.2,4.26,6.38,22.32,10.0,5000000.0,5000000.0,136.0
SDY,4.5,1.59,2.83,-1.2,,4500000.0,4500000.0,20.25
SEA,26.6,2.49,10.62,21.67,34858.0,125000000.0,125000000.0,3312.5
SEB,36.1,3.01,11.78,11.25,6900.0,31999969.0,31999969.0,1136.0
SEC,12.4,0.85,14.66,12.53,213956.0,38999876.0,38999876.0,483.6
SED,16.0,3.61,4.48,26.22,3590.0,10000000.0,9271800.0,150.2
SEL,11.5,inf,,14.48,20330.0,4850000.0,5000000.0,61.0
SEP,12.8,2.39,5.37,12.52,,8400000.0,8400000.0,107.52
SFC,23.0,2.03,11.4,16.46,471.0,11291459.0,11234819.0,259.52
SFG,7.24,0.05,140.16,11.68,27292.0,47897333.0,47897333.0,346.78
SFI,30.7,4.7,6.78,34.46,14105.0,15085305.0,13355293.0,425.37
SFN,23.0,4.45,4.72,20.89,746.0,3000000.0,2864150.0,60.15
SFT,3.0,0.04,74.86,8.99,,3000000.0,3000000.0,9.0
SGC,97.7,4.88,20.03,15.56,109.0,7147580.0,7147580.0,698.32
SGD,8.7,0.81,10.87,13.94,715.0,4137000.0,4043000.0,35.58
SGH,36.7,0.62,59.09,13.42,91.0,12364100.0,12364100.0,453.76
SGN,70.1,5.52,12.74,24.53,12886.0,33581691.0,33533591.0,2357.41
SGP,11.4,0.61,18.76,9.26,92248.0,216294961.0,216278461.0,2487.2
SGR,20.0,3.22,6.15,12.92,36656.0,60000000.0,59999989.0,1188.0
SGS,16.0,2.05,8.28,12.91,140.0,14420000.0,14420000.0,245.14
SHA,4.2,0.86,5.55,12.29,26748.0,31853976.0,31853976.0,135.38
SHC,8.6,1.39,6.21,13.03,519.0,4309550.0,4309550.0,37.06
SHE,17.5,3.81,4.6,16.14,1211.0,6574998.0,6574998.0,115.06
SHI,8.94,0.68,13.16,11.01,563722.0,91425927.0,95445533.0,849.47
SHN,7.1,1.02,7.67,12.69,7630.0,129607147.0,129607147.0,1010.94
SHP,23.3,0.86,26.61,11.27,5081.0,93710200.0,93710200.0,2155.33
SHS,16.3,2.13,7.75,13.67,4311750.0,207268201.0,207268201.0,3419.93
SHV,12.0,4.19,2.86,21.61,,6263720.0,6263720.0,75.16
SHX,12.0,0.28,42.76,17.38,,1720000.0,1720000.0,20.64
SIC,12.0,1.65,7.45,13.08,2089.0,23999270.0,23999264.0,295.19
SID,13.0,0.59,21.75,22.12,12296.0,100000000.0,100000000.0,1290.0
SIG,3.0,0.04,71.35,16.67,370.0,10000000.0,10000000.0,30.0
SIP,161.5,8.88,19.15,27.05,1472111.0,79405357.0,79405357.0,13498.91
SIV,42.8,8.77,4.88,56.49,10.0,3012374.0,3012374.0,128.93
SJ1,21.4,0.85,25.22,13.18,352.0,22156060.0,22155050.0,474.12
SJD,16.8,1.67,10.09,12.38,122148.0,68998620.0,68998620.0,1162.63
SJE,18.9,2.14,8.77,28.66,15254.0,18310001.0,21971826.0,413.07
SJG,5.5,0.1,54.22,11.35,660.0,449537112.0,450000000.0,2520.0
SJM,2.8,0.34,8.18,1.27,3680.0,5000000.0,5000000.0,14.0
SJS,26.0,0.96,27.22,18.56,161195.0,114855540.0,113897480.0,2984.11
SKG,10.95,0.43,25.63,13.76,386542.0,63331735.0,63331735.0,693.48
SKH,20.0,11.7,1.7,48.93,35923.0,16126740.0,7951640.0,158.24
SKN,5.0,0.77,6.46,10.26,782.0,5000000.0,5000000.0,25.0
SKS,9.0,inf,,14.16,6018.0,4500000.0,4500000.0,44.1
SKV,21.2,3.48,6.1,12.9,2598.0,23000000.0,23000000.0,487.6
SLC,10.8,0.72,14.68,10.12,1627.0,9200000.0,9200000.0,96.6
SLS,66.0,19.98,4.02,59.03,18395.0,9791945.0,9791945.0,656.06
SMA,8.7,0.35,24.18,10.74,1087.0,19021499.0,19021499.0,160.73
SMB,43.0,5.28,8.14,18.44,37660.0,29846648.0,29846648.0,1283.41
SMC,15.5,2.39,6.87,22.98,225957.0,60994691.0,60922941.0,999.14
SMN,9.7,1.81,5.36,16.32,530.0,4405000.0,4405000.0,42.73
SMT,7.9,0.54,14.58,11.55,10.0,5467432.0,5467432.0,43.19
SNC,15.0,2.74,5.47,18.02,10.0,5000000.0,5000000.0,75.0
SNZ,31.7,2.26,14.09,13.82,44153.0,376500000.0,376491800.0,12010.09
SON,12.0,0.01,985.77,8.91,,9729930.0,9729930.0,116.76
SOV,32.0,2.75,11.63,12.55,20.0,1914900.0,1914900.0,61.28
SP2,10.0,3.28,3.05,-3.88,130.0,15246000.0,15123000.0,151.23
SPA,9.2,2.5,3.68,16.0,,8500000.0,8500000.0,78.2
SPB,10.2,1.29,13.28,19.27,1.0,9500000.0,9500000.0,96.9
SPC,20.4,3.68,5.55,21.88,,10530000.0,10530000.0,214.81
SPD,9.3,0.11,80.67,11.36,158380.0,12000000.0,12000000.0,108.0
SPH,5.0,1.34,3.73,11.81,,10000000.0,10000000.0,50.0
SPM,13.15,0.59,21.8,55.26,5433.0,14000000.0,13770000.0,178.32
SPV,14.4,0.76,19.75,12.74,2780.0,10800000.0,10800000.0,162.0
SRA,10.4,2.7,6.17,21.0,481434.0,18000000.0,25199974.0,262.08
SRC,19.0,2.34,8.35,14.24,80032.0,28065765.0,28063368.0,547.24
SRF,13.6,0.83,16.35,14.17,5183.0,32495397.0,30715397.0,417.73
SSC,49.55,3.82,12.96,25.4,2387.0,14992367.0,13271785.0,657.62
SSG,2.2,0.42,5.23,1.38,,5000000.0,4981190.0,10.96
SSI,25.5,1.85,13.57,15.7,10727101.0,520063684.0,600936354.0,15053.46
SSM,4.5,1.53,3.0,13.86,454.0,5501024.0,4947477.0,22.76
SSU,3.9,0.47,8.26,10.88,,2500000.0,2500000.0,9.75
ST8,11.05,0.39,28.08,10.98,7948.0,25720902.0,25720902.0,280.36
STC,14.5,2.76,5.43,21.51,249.0,5665530.0,5665530.0,84.98
STG,14.5,0.66,21.78,15.4,4616.0,98253357.0,98253357.0,1414.85
STH,13.9,0.09,147.85,10.17,57410.0,19500000.0,19500000.0,269.1
STK,20.5,1.83,11.45,14.86,122098.0,70726944.0,68185294.0,1431.89
STP,7.4,1.43,4.89,17.98,1960.0,8045744.0,8022063.0,56.15
STS,26.5,5.78,4.58,35.0,,2768221.0,2744256.0,72.72
STU,7.4,5.4,1.37,39.73,,1876000.0,1876000.0,13.88
STV,14.0,1.05,13.33,17.86,,11000000.0,11000000.0,154.0
STW,1.5,0.95,1.58,9.18,,15863133.0,15863133.0,23.79
SUM,2.9,0.17,17.07,10.09,,2380000.0,2380000.0,6.9
SVC,70.5,3.45,20.75,45.92,1145.0,33320532.0,33300466.0,2380.98
SVG,5.4,0.08,70.57,10.14,90.0,29350000.0,29350000.0,158.49
SVH,6.0,0.52,11.5,6.06,,14820662.0,14820662.0,88.92
SVI,84.0,12.17,7.38,41.49,1309.0,12832437.0,12832437.0,1152.35
SVL,18.5,0.02,762.53,10.57,,3270858.0,3270858.0,60.51
SVN,1.7,0.03,52.92,10.52,40342.0,21000000.0,21000000.0,37.8
SVT,13.4,0.86,16.59,13.8,844.0,11579574.0,11579574.0,165.59
SWC,15.9,1.5,10.67,15.31,33745.0,67100000.0,67100000.0,1073.6
SZB,36.0,3.56,9.94,17.92,88282.0,30000000.0,30000000.0,1062.0
SZC,31.3,1.83,17.11,12.4,1217263.0,100000000.0,100000000.0,3130.0
SZE,14.4,1.25,11.16,11.76,59331.0,30000000.0,30000000.0,420.0
SZL,55.3,5.62,9.99,28.5,47212.0,20000000.0,18190900.0,1022.33
TA3,8.0,0.21,37.54,11.97,,2309908.0,2309908.0,18.48
TA6,6.3,1.5,4.21,13.42,4040.0,3000000.0,3000000.0,18.9
TA9,9.8,2.23,4.67,11.43,39853.0,12419787.0,12419787.0,129.17
TAC,47.9,5.96,7.93,14.36,61998.0,33879648.0,33876148.0,1602.34
TAG,27.0,0.52,51.91,9.07,,24914991.0,24798077.0,669.55
TAP,10.1,2.87,3.52,18.66,,1416700.0,1416700.0,14.31
TAR,22.1,2.57,8.62,13.32,662118.0,41999977.0,41999977.0,932.4
TAW,44.8,1.36,32.91,12.83,,5000000.0,5000000.0,224.0
TB8,9.0,1.5,5.99,14.45,,1250000.0,1250000.0,11.25
TBC,25.35,2.25,11.16,15.51,33305.0,63500000.0,63500000.0,1597.03
TBD,82.5,4.24,19.48,18.59,558.0,32486392.0,32418392.0,2674.52
TBN,10.0,1.95,5.14,12.22,,4417592.0,4373892.0,43.74
TCD,10.5,1.75,6.16,11.39,6744.0,47294590.0,47543878.0,513.47
TCH,19.1,2.75,6.95,14.26,11495221.0,362994014.0,353271564.0,6747.49
TCI,6.0,1.16,5.95,10.64,601.0,36000000.0,50400000.0,347.76
TCJ,4.0,5.55,0.72,1.38,,10000000.0,10000000.0,40.0
TCL,28.2,2.95,9.63,19.98,348432.0,30158436.0,30158436.0,858.01
TCM,48.5,4.23,11.54,24.54,913422.0,65855212.0,61967899.0,3024.03
TCO,10.5,1.01,10.41,12.01,633.0,18711000.0,16728076.0,175.64
TCR,3.72,0.36,9.61,9.37,342.0,10373190.0,45425142.0,157.63
TCS,7.6,3.55,2.22,13.68,12493.0,26846773.0,26846773.0,212.09
TCW,25.6,3.79,6.78,16.13,29085.0,19991020.0,19991020.0,513.77
TDB,35.0,3.45,10.13,11.11,,8230000.0,8230000.0,288.05
TDC,10.3,2.15,5.11,12.66,849345.0,100000000.0,100000000.0,1100.0
TDF,16.5,5.55,3.05,20.76,130.0,15000000.0,30000000.0,495.0
TDG,2.37,0.1,24.79,11.82,642551.0,16770000.0,16770000.0,39.58
TDH,8.9,0.78,11.55,15.32,4651975.0,112652767.0,112652767.0,1011.62
TDM,27.0,2.19,12.31,18.0,613435.0,100000000.0,95700000.0,2583.9
TDN,7.5,2.94,2.69,12.55,128850.0,29439097.0,29439097.0,232.57
TDP,37.5,1.69,22.72,12.77,547697.0,47999999.0,53759837.0,2069.75
TDS,12.4,2.01,6.31,21.59,4746.0,12225393.0,12225393.0,155.26
TDT,13.3,1.18,11.53,11.94,155697.0,10339387.0,13946144.0,189.67
TDW,26.9,3.27,8.22,17.75,515.0,8500000.0,8500000.0,228.65
TEC,7.0,2.2,3.19,6.89,,1660340.0,1660340.0,11.62
TEL,13.5,0.2,67.39,8.85,50.0,5000000.0,5000000.0,67.5
TET,29.9,1.07,27.93,16.78,,5702940.0,5702940.0,170.52
TFC,5.3,1.8,2.94,12.71,622.0,16829994.0,16829994.0,89.2
TGP,4.0,0.07,56.95,12.59,83.0,10000000.0,9992500.0,39.97
THB,9.8,0.01,808.93,11.82,310.0,11424570.0,11424570.0,117.67
THD,61.7,0.88,345.51,10.39,152134.0,53900000.0,350000000.0,23660.0
THG,55.1,10.59,5.21,31.21,22991.0,14519560.0,14519560.0,801.48
THI,27.1,3.53,7.88,27.98,88.0,48800000.0,44000000.0,1223.2
THN,5.4,1.15,4.68,11.22,,32995411.0,32995411.0,178.18
THP,10.1,3.83,5.84,25.84,5664.0,21611185.0,21611185.0,220.43
THR,69.5,1.73,40.29,12.46,,1688860.0,1688860.0,117.38
THS,7.2,1.18,6.09,14.0,,3000000.0,2700000.0,19.44
THT,7.7,2.4,3.29,13.87,18373.0,24569052.0,24569052.0,194.1
THU,8.0,0.99,8.04,9.61,1480.0,3297790.0,3297790.0,26.38
THW,11.5,0.86,13.33,11.02,,5000000.0,4998000.0,57.48
TIC,14.0,1.74,8.01,10.78,14310.0,24656988.0,22282985.0,310.85
TID,16.0,0.47,33.01,9.05,1410.0,200000000.0,200000000.0,3100.0
TIG,6.1,1.24,5.57,12.09,1065389.0,82650277.0,90915304.0,572.77
TIP,34.9,3.44,10.33,20.74,103092.0,26003143.0,26003143.0,924.41
TIS,10.3,0.05,193.1,6.76,752.0,184000000.0,284000000.0,2896.8
TIX,27.55,2.89,10.17,25.72,839.0,30000000.0,30000000.0,882.0
TJC,12.5,0.04,308.78,10.91,26780.0,8600000.0,8600000.0,107.5
TKU,11.3,1.44,7.49,15.3,693.0,4997562.0,32287965.0,348.71
TL4,7.9,0.81,9.8,15.55,4928.0,16008338.0,16008338.0,126.47
TLD,5.3,0.79,6.89,11.37,493124.0,38054077.0,38054077.0,207.78
TLG,39.25,3.1,12.71,22.54,115283.0,77794453.0,76294453.0,3006.0
TLI,9.5,0.06,155.28,14.83,670.0,3000000.0,3000000.0,28.5
TLT,9.1,2.2,4.13,12.35,9500.0,6989800.0,6989800.0,63.61
TMB,17.0,6.79,2.47,17.04,3941.0,15000000.0,15000000.0,252.0
TMC,16.7,0.58,28.7,15.43,,12400000.0,12400000.0,207.08
TMG,30.0,1.92,15.6,11.78,20.0,18000000.0,18000000.0,540.0
TMP,41.0,3.61,11.35,20.88,1479.0,70000000.0,70000000.0,2870.0
TMS,37.8,4.3,9.41,29.26,97125.0,70822161.0,81432123.0,2825.69
TMT,5.8,0.11,53.65,11.3,23491.0,38883969.0,36877980.0,208.73
TMX,16.1,1.82,9.71,16.48,21.0,6000000.0,6000000.0,106.2
TN1,76.0,5.62,13.98,22.62,3879.0,17555984.0,21405984.0,1682.51
TNA,13.3,1.07,12.62,12.05,324650.0,39730884.0,45035305.0,605.72
TNB,14.5,1.12,12.95,16.59,,11500000.0,11478991.0,166.45
TNC,31.0,2.74,11.15,17.75,1922.0,19250000.0,19250000.0,588.09
TND,7.4,0.73,10.47,16.33,39054.0,16000000.0,16000000.0,121.6
TNG,15.6,2.63,5.93,15.24,2606697.0,73996005.0,73996005.0,1154.34
TNI,2.97,0.07,40.81,11.17,511833.0,52500000.0,52500000.0,156.45
TNM,3.1,2.18,1.42,12.89,,5800000.0,3787040.0,11.74
TNP,10.0,1.1,9.13,11.54,,7100000.0,7100000.0,71.0
TNW,13.4,0.18,72.62,14.51,10.0,16000000.0,16000000.0,214.4
TNY,8.0,2.38,3.36,19.53,,3000000.0,3000000.0,24.0
TOT,4.7,0.69,6.82,10.6,1164.0,5495000.0,5495000.0,25.83
TOW,18.5,2.93,6.3,20.77,760.0,5318800.0,5318800.0,98.4
TPC,8.99,1.02,8.26,14.93,2801.0,24430596.0,22516956.0,189.59
TPH,11.2,0.66,16.86,11.26,10.0,2095985.0,2095985.0,23.48
TPP,11.7,0.45,25.94,10.89,10.0,20000000.0,20000000.0,234.0
TPS,30.5,3.56,8.58,15.17,,5000000.0,5000000.0,152.5
TQN,37.1,1.48,25.72,36.63,10.0,3600000.0,3600000.0,136.8
TQW,9.8,0.25,39.79,10.25,,8933200.0,8933200.0,87.55
TRA,68.4,4.49,15.25,26.67,2117.0,41453673.0,41450540.0,2835.22
TRC,36.8,3.0,12.26,53.09,2201.0,30000000.0,29125000.0,1071.8
TRS,49.4,9.36,6.86,55.25,1062.0,3956769.0,3944669.0,194.87
TS3,9.2,4.29,2.15,64.32,,3851880.0,659300.0,6.07
TS5,10.0,0.02,459.42,94.97,,314122.0,314122.0,3.14
TSB,8.0,0.75,10.63,11.5,,6745480.0,6745480.0,53.96
TSC,3.14,0.01,222.65,10.77,1518541.0,147648084.0,147647985.0,451.8
TSG,11.4,2.47,4.62,13.02,550.0,3074100.0,3074100.0,35.04
TSJ,32.5,1.23,26.38,11.38,,74800000.0,74797400.0,2430.92
TST,11.8,0.18,65.96,18.34,376.0,4800000.0,4800000.0,56.64
TTA,17.1,0.56,30.61,12.1,1242613.0,135000000.0,135000000.0,2308.5
TTB,4.5,0.09,50.73,11.47,651316.0,46826954.0,51509583.0,231.79
TTC,13.2,2.35,5.61,19.99,1961.0,5992348.0,5940528.0,78.41
TTD,54.4,3.32,16.41,15.1,90.0,15552000.0,15552000.0,846.03
TTG,3.6,0.04,85.11,11.1,1621.0,2000000.0,1950000.0,7.02
TTH,1.7,0.22,7.56,11.11,133873.0,37374846.0,37374860.0,63.54
TTJ,45.0,0.26,170.61,14.04,,3000000.0,3000000.0,135.0
TTL,8.2,0.43,18.91,12.74,2351.0,41908000.0,41908000.0,343.65
TTN,9.6,1.37,7.06,12.31,105995.0,24485000.0,24485000.0,237.5
TTP,40.8,10.83,3.77,71.52,82.0,14999998.0,13517770.0,551.53
TTS,6.0,1.14,5.27,5.37,,50800000.0,50800000.0,304.8
TTT,34.2,0.46,73.47,64.77,760.0,4570210.0,4570210.0,155.39
TTV,0.6,2.98,0.2,13.69,,1313800.0,1313800.0,0.79
TUG,11.9,2.13,5.58,12.28,130.0,2700000.0,2700000.0,32.13
TV2,52.4,6.11,8.58,29.18,267440.0,36014952.0,36014952.0,1887.18
TV3,25.5,2.37,10.74,13.34,100.0,8276080.0,8276302.0,211.05
TV4,13.0,1.21,10.74,11.36,3554.0,15834745.0,15770222.0,205.01
TVA,17.0,3.21,5.3,15.34,130.0,6300000.0,6300000.0,107.1
TVB,12.7,1.14,11.11,10.84,466773.0,44024103.0,54726621.0,692.29
TVC,12.3,1.63,7.49,12.64,1773793.0,43865225.0,46045925.0,561.76
TVD,7.7,1.74,4.49,10.99,135576.0,44962864.0,44962864.0,350.71
TVH,25.0,5.14,4.87,20.13,,4004000.0,4004000.0,100.1
TVM,9.0,0.62,14.49,19.6,10.0,2400000.0,2400000.0,21.6
TVN,7.7,0.4,19.42,12.72,180741.0,678000000.0,678000000.0,5220.6
TVP,26.5,4.03,6.58,23.78,93.0,11087936.0,11087936.0,293.83
TVS,12.2,2.06,5.87,11.93,22937.0,98235174.0,98235174.0,1188.65
TVT,24.0,3.23,7.59,24.2,2986.0,21000000.0,21000000.0,514.5
TVU,12.9,3.57,3.61,14.66,,1750000.0,1750000.0,22.58
TVW,4.8,1.11,4.34,11.58,,14597860.0,14597860.0,70.07
TW3,11.0,0.09,122.29,12.61,,1750000.0,1706600.0,18.77
TYA,14.45,2.29,6.32,14.77,44770.0,6134773.0,30680582.0,444.87
UCT,6.0,0.26,23.46,10.45,,5344345.0,5344345.0,32.07
UDJ,10.0,2.05,5.03,13.5,31671.0,16500000.0,14610840.0,150.49
UDL,9.0,1.02,8.82,141.06,,6620000.0,6620000.0,59.58
UEM,34.1,1.34,25.4,11.49,,2438100.0,2438100.0,83.14
UIC,47.5,7.6,6.22,36.36,4572.0,8000000.0,8000000.0,378.4
UMC,12.0,0.51,23.56,15.03,,1841617.0,1841617.0,22.1
UNI,7.6,0.07,101.66,10.42,17309.0,15617632.0,15316032.0,116.4
UPC,16.5,3.21,5.14,15.0,2150.0,3400000.0,3400000.0,56.1
USC,5.6,0.7,7.95,10.99,,5500000.0,5500000.0,30.8
USD,10.5,2.04,5.14,11.73,,5600000.0,5600000.0,58.8
V12,9.1,1.45,6.81,15.14,519.0,5818000.0,5818000.0,57.6
VAF,11.9,0.35,31.61,11.97,726.0,37665348.0,37665348.0,418.09
VAV,42.1,4.7,8.95,22.52,1350.0,16000000.0,16000000.0,673.6
VBC,18.3,3.8,4.81,17.03,4112.0,7499972.0,7499960.0,137.25
VBG,9.0,0.41,22.0,10.46,,8600000.0,8600000.0,77.4
VBH,30.0,0.71,42.43,6.36,,2900000.0,2900000.0,87.0
VC1,8.2,1.05,8.01,19.49,39.0,12000000.0,12000000.0,100.8
VC2,10.3,0.42,24.32,19.65,1288.0,15000000.0,15000000.0,154.5
VC3,16.8,1.03,16.25,11.42,169363.0,61015642.0,61015642.0,1025.06
VC6,7.6,0.54,13.07,13.48,853.0,8000000.0,8000000.0,56.0
VC7,4.4,0.51,8.78,10.71,12296.0,24022953.0,24022953.0,108.1
VCA,10.8,1.43,7.39,14.29,6933.0,15187322.0,15187322.0,160.99
VCC,13.4,0.76,16.07,12.19,2484.0,12000000.0,12000000.0,146.4
VCE,8.0,0.02,350.53,11.32,,5000000.0,5000000.0,40.0
VCF,225.2,27.61,8.51,72.35,325.0,26579135.0,26579135.0,6246.1
VCG,41.5,3.66,11.67,19.65,282843.0,441710673.0,402410673.0,17182.94
VCI,44.7,6.15,7.29,24.16,1174306.0,165600000.0,165553000.0,7425.05
VCM,16.2,1.52,11.68,22.46,138.0,3000000.0,3000000.0,53.4
VCP,50.6,0.94,53.96,15.24,68886.0,56999993.0,56999993.0,2901.3
VCS,82.5,8.52,9.73,23.86,325448.0,160000000.0,155200000.0,12866.08
VCW,36.0,1.01,35.48,14.79,436.0,75000000.0,75000000.0,2700.0
VCX,5.3,0.51,10.13,6.29,1410.0,26530000.0,26530000.0,137.96
VDB,3.6,8.85,0.9,19.33,,6629999.0,6629999.0,23.87
VDL,23.6,1.15,20.43,13.3,150.0,14657150.0,14657150.0,345.91
VDM,10.8,0.31,35.08,12.11,,5000000.0,5000000.0,54.0
VDN,11.7,4.82,2.43,25.29,1.0,2993910.0,2981730.0,34.89
VDP,32.2,5.11,6.35,49.74,7802.0,8700000.0,8666600.0,281.66
VDS,9.86,0.57,17.47,10.57,24254.0,100099906.0,100099906.0,1001.0
VDT,22.6,0.48,46.83,14.06,,1965440.0,1965440.0,44.42
VE2,6.6,0.55,12.08,10.99,10.0,2158880.0,2098080.0,13.85
VE3,5.6,0.62,9.03,13.13,244.0,1319710.0,1319710.0,7.39
VE4,10.0,0.05,203.26,14.0,2710.0,1028000.0,1028000.0,10.28
VE8,6.3,0.68,9.22,7.43,110.0,1800000.0,1800000.0,11.34
VEA,50.8,4.52,11.2,22.87,335279.0,1328800000.0,1328800000.0,67370.16
VEC,11.4,0.32,35.75,10.9,52761.0,43800000.0,43800000.0,499.32
VEE,10.0,2.32,4.31,16.34,,10185820.0,10185820.0,101.86
VEF,83.8,0.56,150.65,11.64,10388.0,166604050.0,166604050.0,14028.06
VET,51.8,4.18,12.38,22.52,80.0,16000000.0,15963800.0,826.92
VFC,12.3,0.66,18.7,14.88,460.0,34000000.0,33801062.0,415.75
VFG,47.5,4.42,10.75,29.73,785.0,32091864.0,32086864.0,1524.13
VFS,6.4,0.53,12.18,10.7,27142.0,41000000.0,41000000.0,262.4
VGC,25.65,1.41,18.13,14.08,325073.0,448350000.0,448350000.0,11477.76
VGG,49.4,4.44,11.12,46.23,88655.0,44100000.0,42000000.0,2074.8
VGI,32.9,0.69,47.75,10.38,1045251.0,3043811200.0,3043811200.0,100141.39
VGL,32.4,1.63,19.85,12.48,,9325155.0,9325155.0,302.14
VGP,23.8,0.85,27.96,20.91,3.0,8214692.0,7825922.0,186.26
VGR,30.0,2.67,11.25,16.06,340.0,63250000.0,63250000.0,1897.5
VGS,12.4,1.89,7.03,16.81,213080.0,42111589.0,42111589.0,560.08
VGT,9.6,0.52,18.31,12.1,414738.0,500000000.0,500000000.0,4800.0
VGV,10.0,0.77,13.04,10.98,4820.0,35774448.0,35774448.0,357.74
VHC,46.25,4.11,11.21,29.5,1051171.0,183376956.0,181946026.0,8387.71
VHD,6.2,0.01,613.33,10.22,180.0,7000000.0,7000000.0,43.4
VHE,3.6,0.05,82.02,10.52,52420.0,8800000.0,10559996.0,39.07
VHF,12.8,0.17,74.0,10.57,,21500000.0,21500000.0,275.2
VHI,9.3,0.12,77.29,9.41,,76900000.0,76900000.0,715.17
VHL,26.1,4.06,6.43,26.29,2898.0,25000000.0,25000000.0,652.5
VHM,86.0,6.72,12.82,22.77,2266190.0,3349513918.0,3289513918.0,283556.1
VIA,8.9,1.98,4.48,11.37,,1200000.0,1200000.0,10.68
VIC,107.0,2.55,41.96,24.27,837773.0,3382430890.0,3382430590.0,361920.07
VID,9.55,0.14,68.95,14.29,44874.0,30880070.0,30880070.0,293.36
VIE,5.9,0.01,589.94,6.44,,2061244.0,2061244.0,12.16
VIF,18.0,1.05,16.56,13.57,2440.0,350000000.0,350000000.0,6090.0
VIH,10.0,2.69,3.71,13.34,2142.0,5600000.0,5600000.0,56.0
VIM,22.0,inf,,18.4,291.0,1250000.0,1250000.0,27.5
VIN,14.7,1.94,7.57,17.34,1350.0,25500000.0,25500000.0,374.85
VIP,8.33,1.72,5.03,17.07,511211.0,68470941.0,65470941.0,566.32
VIR,10.0,1.14,8.75,11.91,,8240000.0,8240000.0,82.4
VIT,14.8,3.21,4.82,15.11,40066.0,19500000.0,19500000.0,302.25
VIX,20.8,1.64,12.35,12.02,4329088.0,127718975.0,127718975.0,2592.7
VKC,4.1,0.08,53.55,12.53,17581.0,20000000.0,19279000.0,86.76
VKD,36.8,1.35,27.24,14.26,2197.0,11999988.0,11999988.0,441.6
VLB,34.1,3.23,10.55,14.22,2031.0,47000000.0,46798960.0,1595.84
VLC,39.4,2.3,17.75,16.64,91606.0,63101000.0,63101000.0,2580.83
VLF,0.9,3.56,0.25,-7.02,,11959982.0,11959982.0,10.76
VLP,1.4,2.96,0.47,14.44,,3536222.0,3386222.0,4.74
VLW,15.2,2.14,7.1,12.66,120.0,28900000.0,28900000.0,439.28
VMA,8.0,1.6,4.99,14.54,,2700000.0,2700000.0,21.6
VMC,10.6,1.08,9.8,35.18,29846.0,30000000.0,10000000.0,106.0
VMD,21.0,2.19,9.62,23.82,811.0,15440268.0,15440268.0,325.02
VMG,4.2,0.07,66.4,4.11,13240.0,9600000.0,9600000.0,44.16
VMS,6.7,0.99,6.64,13.0,2521.0,9000000.0,12000000.0,79.2
VNA,3.9,0.15,26.66,3.17,423316.0,20000000.0,20000000.0,80.0
VNB,13.3,0.52,25.11,12.88,1520.0,67909960.0,67894960.0,882.63
VNC,32.0,2.74,11.67,20.15,115.0,10499955.0,11234529.0,359.5
VND,22.9,3.06,7.47,17.11,2790476.0,220430169.0,208520835.0,4764.7
VNE,5.15,0.04,128.08,11.67,187035.0,90432953.0,81934033.0,451.46
VNF,36.3,2.64,13.75,43.57,10.0,8392250.0,8376750.0,304.08
VNG,15.35,0.18,85.85,11.71,194675.0,97276608.0,97276608.0,1498.06
VNH,0.9,1.17,0.77,0.48,35214.0,8023071.0,8023071.0,7.22
VNL,16.8,2.68,6.27,25.0,5892.0,9000000.0,9000000.0,151.2
VNM,111.2,5.29,21.1,17.31,2541095.0,2089955445.0,2089645346.0,233204.42
VNP,8.1,0.83,9.71,9.81,210699.0,19428913.0,19428913.0,157.37
VNR,19.0,0.36,53.83,,9662.0,131075937.0,131075937.0,2542.87
VNT,55.5,0.29,205.38,16.72,400.0,11949005.0,11893605.0,719.56
VNX,65.0,13.03,4.99,33.52,80.0,1224948.0,1224947.0,79.62
VOC,22.7,2.17,10.73,17.31,476180.0,121800000.0,121800000.0,2837.94
VOS,2.06,0.39,5.66,4.05,2266922.0,140000000.0,140000000.0,308.0
VPD,14.0,0.28,49.83,12.09,11951.0,106589629.0,106589629.0,1492.25
VPG,15.55,0.86,18.17,11.29,942562.0,35000000.0,43399814.0,679.21
VPH,4.38,0.16,28.35,10.74,109256.0,95357800.0,95357800.0,428.16
VPI,33.15,3.53,9.37,15.6,1095653.0,199999900.0,199999900.0,6620.0
VPK,4.4,0.07,59.5,4.99,35862.0,14998817.0,14998817.0,65.99
VPL,80.0,inf,,19.73,4920.0,205498489.0,205498489.0,16542.63
VPR,14.5,0.77,20.63,15.04,352.0,4160000.0,4575985.0,66.35
VPS,13.05,0.52,25.37,13.25,24857.0,24460792.0,24460792.0,325.33
VPW,10.9,0.47,22.98,10.61,,11168676.0,11168676.0,121.74
VQC,18.6,2.59,7.18,24.52,250.0,3599580.0,3599580.0,66.95
VRC,7.3,0.04,191.93,19.47,301046.0,50000000.0,50000000.0,370.0
VRE,30.1,1.0,30.61,12.47,7500061.0,2328818410.0,2272318410.0,69305.71
VRG,25.6,1.51,16.84,10.68,103534.0,25894868.0,25894868.0,660.32
VSA,15.6,2.49,6.44,25.6,943.0,14096486.0,14096486.0,225.54
VSC,53.2,4.77,11.4,32.6,151508.0,55122798.0,55122798.0,2998.68
VSE,6.0,0.48,12.55,10.63,300.0,8937250.0,8937250.0,53.62
VSH,18.65,0.38,49.61,15.36,75161.0,206241246.0,206241246.0,3856.71
VSI,17.05,1.79,9.6,14.69,1669.0,13200000.0,13199997.0,226.38
VSM,15.0,2.29,7.2,16.24,13680.0,3050000.0,3050000.0,50.33
VSN,26.3,1.9,13.68,13.59,3175.0,80914300.0,80913700.0,2103.76
VT1,29.0,0.86,33.57,18.29,,2000000.0,2000000.0,58.0
VTA,5.7,0.78,7.32,10.27,370.0,8000000.0,7999999.0,45.6
VTB,11.2,1.51,7.44,18.83,37375.0,11982050.0,10804520.0,121.01
VTC,8.7,2.87,3.03,15.84,4446.0,4534696.0,4529143.0,39.4
VTD,10.4,1.52,6.84,10.42,66548.0,6000000.0,6000000.0,62.4
VTE,4.3,0.36,11.92,11.1,1761.0,15600000.0,15600000.0,67.08
VTF,33.0,2.62,12.59,27.71,505.0,41812781.0,41812781.0,1379.82
VTJ,3.7,0.02,167.06,10.31,850.0,11400000.0,11400000.0,42.18
VTK,30.3,3.85,7.9,24.36,17513.0,4159905.0,4159905.0,126.46
VTM,21.8,1.32,16.52,12.0,,3279797.0,3279797.0,71.5
VTO,7.55,0.84,9.32,13.99,26057.0,79866666.0,78866666.0,620.68
VTP,110.6,5.05,21.79,13.79,108448.0,83047926.0,83047926.0,9135.27
VTV,5.2,0.04,138.47,13.09,922.0,31199825.0,31199825.0,159.12
VWS,10.7,1.28,8.34,15.87,50.0,3600000.0,3600000.0,38.52
VXP,26.0,1.83,19.06,16.36,1690.0,3600000.0,3600000.0,125.28
WCS,209.5,23.84,8.81,62.66,1508.0,2500000.0,2500000.0,525.0
WSB,45.2,7.81,5.79,44.98,11347.0,14500000.0,14500000.0,655.4
WSS,2.7,1.34,2.17,9.95,92770.0,50300000.0,50300000.0,145.87
WTC,22.5,9.94,2.26,10.54,496.0,10000000.0,10000000.0,225.0
WTN,15.0,0.29,52.29,10.29,,10576827.0,10576827.0,158.65
X18,3.9,15.61,0.25,0.49,,4155777.0,6155777.0,24.01
X20,7.0,1.37,5.63,14.72,2740.0,17250000.0,17250000.0,132.83
X26,18.1,3.57,5.06,31.21,,5000000.0,5000000.0,90.5
XDH,7.1,3.96,1.79,38.43,,10920000.0,10920000.0,77.53
XHC,24.0,1.82,13.2,11.26,440.0,21096500.0,21086500.0,506.08
XLV,8.8,2.1,4.19,16.42,492.0,3000000.0,3000000.0,26.4
XMC,10.6,2.24,4.92,15.1,6778.0,76985804.0,57741114.0,635.15
XMD,1.9,1.05,1.8,13.36,,4000000.0,4000000.0,7.6
YBC,14.5,0.15,94.34,8.7,8770.0,11800000.0,11774180.0,170.73
YBM,5.12,1.0,5.28,11.94,33923.0,14299880.0,14299880.0,75.79
YRC,6.3,0.87,7.25,11.1,,1900000.0,1900000.0,11.97
YSC,6.3,inf,,19.18,1300.0,1100000.0,1089670.0,6.86
YTC,79.8,5.4,14.78,21.39,10.0,3080000.0,2800000.0,223.44
A32,30.4,6.91,4.4,32.88,52.0,6800000.0,6800000.0,206.72
AAA,13.3,1.46,9.58,14.24,2830477.0,211199976.0,221759974.0,2960.5
AAS,5.7,0.62,9.42,11.76,1901802.0,31000000.0,31000000.0,179.8
AAV,11.0,0.4,29.63,11.34,704799.0,31874996.0,31874996.0,376.12
ABC,17.5,1.82,9.7,25.46,32646.0,20393000.0,20393000.0,360.96
ABI,36.6,6.38,5.72,,19883.0,38000000.0,38000000.0,1387.0
ABR,28.0,0.61,48.36,11.39,30.0,20000000.0,20000000.0,588.0
ABS,18.0,0.76,23.4,13.52,285395.0,28800000.0,37439873.0,662.69
ABT,30.55,1.42,21.56,35.83,417.0,14107207.0,11497257.0,351.24
AC4,3.0,2.97,1.01,16.07,,2940862.0,2940862.0,8.82
ACC,14.35,5.27,3.94,15.0,70324.0,10000000.0,30000000.0,429.0
ACE,28.6,5.02,5.74,22.91,1500.0,3050781.0,3050781.0,87.86
ACL,12.75,0.53,24.17,29.45,73946.0,50159019.0,50159019.0,642.04
ACS,12.0,1.08,11.08,14.61,,4000000.0,4000000.0,48.0
ACV,77.9,1.74,45.49,17.11,375219.0,2177173236.0,2177173236.0,171996.69
ADC,18.1,3.3,5.79,18.95,8310.0,3060000.0,3060000.0,58.45
ADG,60.9,5.33,24.54,19.86,84733.0,18000333.0,18000333.0,1094.42
ADP,28.0,5.08,4.72,17.03,1249.0,15359914.0,15359914.0,368.64
ADS,11.25,0.28,39.56,13.86,19479.0,28069450.0,28069450.0,315.78
AFC,10.0,1.17,8.51,11.08,,10688363.0,10688363.0,106.88
AFX,11.9,0.23,52.44,10.47,312593.0,35000000.0,35000000.0,420.0
AG1,10.2,1.48,7.76,11.65,570.0,4863386.0,4863386.0,55.93
AGF,5.6,0.43,13.0,5.86,1132.0,28109743.0,28109743.0,157.41
AGG,29.8,5.53,5.64,18.1,1756322.0,82492517.0,82393100.0,2570.66
AGM,12.45,1.62,7.97,23.86,27270.0,18200000.0,18200000.0,234.78
AGP,14.6,2.53,5.81,16.84,7641.0,12835177.0,12835177.0,188.68
AGR,8.4,0.58,14.2,9.66,2804146.0,212000000.0,211199953.0,1752.96
AGX,31.5,6.45,4.88,37.0,1.0,10800000.0,10800000.0,340.2
ALP,3.4,inf,,10.94,9329.0,192484413.0,192484413.0,654.45
ALT,11.1,0.17,65.9,36.23,570.0,6172523.0,5736709.0,63.68
ALV,1.9,0.57,3.32,11.23,800.0,5657936.0,5657936.0,10.75
AMC,19.7,2.71,7.27,16.85,30.0,2850000.0,2850000.0,56.15
AMD,2.68,0.14,19.58,11.21,1652696.0,163504874.0,163504874.0,439.83
AME,7.1,0.81,8.73,12.19,384.0,25200000.0,25200000.0,178.92
AMP,10.2,0.53,19.07,14.22,,13000000.0,13000000.0,132.6
AMS,9.0,1.3,7.94,12.27,12771.0,33300000.0,33300000.0,342.99
AMV,17.1,4.84,3.74,19.88,562024.0,37962045.0,37962045.0,687.11
ANT,9.8,0.98,10.01,9.04,420.0,6000000.0,6000000.0,58.8
ANV,22.2,2.46,9.01,17.97,458590.0,127539625.0,132122875.0,2933.13
APC,22.15,2.82,8.17,31.9,86955.0,20121395.0,19905025.0,457.82
APF,37.0,10.46,3.44,35.19,3192.0,18189146.0,18189414.0,654.82
APG,10.15,0.88,11.31,11.3,1093639.0,34028900.0,34028900.0,339.95
APH,88.8,3.3,25.82,16.93,789970.0,132562459.0,132562459.0,11307.58
API,9.5,2.45,3.84,15.13,2512.0,36400000.0,35400000.0,332.76
APL,11.0,1.9,5.79,13.66,30.0,1200000.0,1200000.0,13.2
APP,3.4,0.27,12.56,10.17,89.0,4724632.0,4724632.0,16.06
APS,4.0,0.42,10.57,9.31,258798.0,39000000.0,39000000.0,171.6
AQN,7.5,2.46,3.05,14.69,,1511097.0,1511097.0,11.33
ARM,46.8,0.88,53.4,11.27,50.0,2592740.0,3111283.0,145.61
ART,2.7,0.69,3.91,11.59,2062483.0,90712526.0,96922509.0,261.69
ASA,1.2,0.01,114.85,10.39,300.0,10000000.0,10000000.0,12.0
ASD,3.1,0.51,6.1,12.17,,4000000.0,4000000.0,12.4
ASG,37.3,inf,,16.02,16430.0,63044964.0,63044964.0,2357.88
ASM,13.95,2.02,7.28,17.01,4651877.0,258867849.0,258867849.0,3805.36
ASP,6.16,0.74,8.5,13.45,82787.0,37339929.0,37339542.0,235.61
AST,56.3,0.2,285.23,11.36,109334.0,45000000.0,45000000.0,2547.0
ATG,0.61,0.01,44.09,8.77,,15220000.0,15220000.0,9.28
ATS,28.5,0.13,213.03,12.26,20.0,3500000.0,3500000.0,99.75
AVC,25.0,0.8,31.08,15.94,230.0,75052052.0,75052052.0,1876.3
B82,0.5,0.13,3.99,10.13,130.0,5000000.0,5000000.0,2.5
BAX,69.0,18.38,3.78,36.04,21725.0,8200000.0,8200000.0,569.08
BBC,63.0,7.13,8.49,68.61,8032.0,15420782.0,15420782.0,932.96
BBH,16.0,2.08,7.69,38.26,,2047932.0,2047932.0,32.77
BBM,13.3,1.61,8.27,13.18,,2000000.0,2000000.0,26.6
BBS,11.9,1.15,10.37,17.51,33.0,6000000.0,6000000.0,71.4
BBT,18.0,2.54,7.08,4.44,569.0,9800000.0,9800000.0,176.4
BCB,6.6,2.29,2.88,12.57,,5000000.0,5000000.0,33.0
BCC,7.6,0.93,8.19,16.77,615232.0,123209812.0,123209812.0,936.39
BCE,9.1,1.11,8.48,11.34,256741.0,30000000.0,30000000.0,283.5
BCF,46.0,3.07,15.15,13.54,780.0,21083725.0,21083725.0,980.39
BCG,9.39,0.46,21.12,10.61,1386242.0,108005760.0,136005760.0,1312.46
BCI,41.6,1.43,29.23,24.23,41111.0,86720144.0,86720144.0,3633.57
BCM,41.15,1.97,20.9,14.59,85948.0,1035000000.0,1035000000.0,42642.0
BDB,10.8,1.09,9.94,11.75,,1126474.0,1126474.0,12.17
BDC,7.8,0.5,15.48,10.87,,21735900.0,21735900.0,169.54
BDF,16.0,3.93,4.07,29.68,,1550000.0,1550000.0,24.8
BDG,48.1,8.31,5.84,26.25,30660.0,12000000.0,12000000.0,582.0
BDT,19.6,2.38,9.08,13.32,16666.0,38600000.0,38595400.0,833.66
BDW,12.0,1.91,6.28,14.39,30.0,12410800.0,12410800.0,148.93
BED,33.0,2.5,13.23,13.54,,3000000.0,3000000.0,99.0
BEL,11.5,2.62,4.39,11.22,,6000000.0,6000000.0,69.0
BFC,16.35,2.09,7.73,16.84,558122.0,57167993.0,57167993.0,926.12
BGM,0.98,0.01,91.62,10.22,167937.0,45753840.0,45753840.0,42.09
BGW,22.0,0.44,49.65,10.42,100.0,18149446.0,18149446.0,399.29
BHA,9.5,0.09,110.38,9.81,120.0,66000000.0,66000000.0,660.0
BHC,2.9,0.03,90.95,-17.75,,4500000.0,4500000.0,13.05
BHG,12.1,0.47,25.9,23.95,,8935643.0,3856665.0,46.67
BHK,12.2,2.51,4.85,13.78,20.0,3986000.0,3986000.0,48.63
BHN,76.0,2.34,32.11,21.42,4190.0,231800000.0,231800000.0,17385.0
BHP,6.6,0.47,14.81,17.09,553.0,9179290.0,9179290.0,64.26
BHS,21.7,2.39,12.24,12.39,2391892.0,297874449.0,297874449.0,6553.24
BIC,20.5,1.8,11.79,17.34,131266.0,117276895.0,117276895.0,2492.13
BIO,9.5,0.57,16.62,10.6,,8562000.0,8554500.0,81.27
BKH,26.7,3.45,7.74,28.57,40.0,1750000.0,1750000.0,46.73
BLI,7.9,0.69,13.02,,4624.0,60000000.0,59999474.0,540.0
BLN,1.6,0.44,3.65,10.81,,5000000.0,5000000.0,8.0
BLT,18.9,1.0,18.89,39.01,,4000000.0,4000000.0,75.6
BLW,17.6,0.78,22.47,10.77,,11168800.0,11168800.0,196.57
BM9,10.2,0.71,14.32,10.7,,3795680.0,3795680.0,38.72
BMC,12.05,1.17,10.2,15.92,71419.0,12392630.0,12392630.0,148.09
BMD,8.0,2.12,3.77,12.34,,2753280.0,2753280.0,22.03
BMF,21.3,4.22,5.05,27.68,720.0,4159600.0,4159600.0,88.6
BMG,28.0,3.03,9.25,17.03,,5292000.0,5292000.0,148.18
BMI,30.3,1.99,15.26,24.62,553607.0,91354037.0,91354037.0,2768.03
BMJ,28.5,2.55,11.17,13.63,2949.0,6000000.0,6000000.0,171.0
BMN,5.8,1.65,3.53,11.01,,2750000.0,2750000.0,15.95
BMP,64.7,6.19,10.44,28.84,265131.0,81860938.0,81860938.0,5288.22
BMV,10.0,0.12,85.04,10.09,,24200000.0,24200000.0,242.0
BNA,33.4,1.45,23.03,17.33,153927.0,8000000.0,8000000.0,268.0
BNW,9.7,0.82,11.86,10.89,,37549391.0,37549391.0,364.23
BPC,10.1,1.86,5.43,25.43,100.0,3800000.0,3800000.0,38.38
BPW,26.4,0.62,42.59,10.49,,13203858.0,13203858.0,348.58
BRC,11.2,1.65,6.81,16.46,1373.0,12374997.0,12374997.0,138.6
BRR,11.0,0.64,16.39,10.95,3321.0,112500000.0,112500000.0,1181.25
BRS,14.1,inf,,13.52,,4541950.0,4541950.0,64.04
BSA,12.9,0.98,12.8,11.95,8629.0,60018942.0,60018942.0,750.24
BSC,11.7,0.4,29.02,11.87,,3150747.0,3150747.0,36.86
BSD,27.0,4.35,6.2,19.44,,3000000.0,3000000.0,81.0
BSH,24.3,1.67,14.57,14.8,25.0,18000000.0,18000000.0,437.4
BSI,11.2,1.03,10.83,12.04,430976.0,122070078.0,121570689.0,1355.51
BSL,9.6,inf,,10.74,6130.0,45000000.0,45000000.0,472.5
BSP,17.8,2.31,7.72,18.83,1130.0,12500000.0,12500000.0,222.5
BSQ,19.2,2.39,8.38,14.3,2100.0,45000000.0,45000000.0,900.0
BST,14.7,1.36,10.81,12.96,350.0,1100000.0,1100000.0,16.17
BT1,11.8,2.11,5.59,19.45,,5250000.0,5250000.0,61.95
BTB,5.8,0.37,15.88,14.27,,7691226.0,7691226.0,44.61
BTD,22.6,4.74,4.73,26.57,23682.0,6414100.0,6414100.0,143.68
BTH,4.2,0.15,28.45,5.44,20.0,3500000.0,46500000.0,195.3
BTN,2.9,0.03,97.18,11.43,603.0,4465570.0,4465570.0,14.74
BTP,14.05,3.66,3.86,20.06,11816.0,60485600.0,60485600.0,852.85
BTR,3.0,1.76,1.7,12.1,,1850000.0,1850000.0,5.55
BTS,4.3,0.48,8.91,11.77,2227.0,123559858.0,123559858.0,531.31
BTT,36.8,2.09,18.68,26.48,606.0,14121297.0,13500000.0,526.5
BTU,6.7,2.52,2.66,14.3,,3600000.0,3600000.0,24.12
BTW,32.0,3.1,10.33,21.42,260.0,9360000.0,9360000.0,299.52
BUD,6.8,2.12,3.31,30.95,461.0,10000000.0,3505000.0,24.54
BVG,1.7,0.05,34.77,7.88,57632.0,9750948.0,9750948.0,16.58
BVH,58.2,1.74,33.71,17.78,1090485.0,742322764.0,742322764.0,43500.11
BVS,14.0,1.69,8.16,26.01,876997.0,72233937.0,72218737.0,996.62
BWA,5.1,0.75,6.84,12.72,330.0,2700000.0,2700000.0,13.77
BWE,31.7,3.67,8.63,16.58,892071.0,150000000.0,150000000.0,4755.0
BWS,35.2,2.51,13.95,11.67,1803.0,90000000.0,90000000.0,3150.0
BXD,8.5,inf,,14.25,,1136500.0,1736500.0,14.76
BXH,12.0,1.16,10.32,18.96,40.0,3012040.0,3012040.0,36.14
BXT,10.6,33.73,0.31,80.97,,63400.0,63400.0,0.67
C12,2.5,0.71,3.53,16.3,50.0,4850000.0,4850000.0,12.13
C21,15.0,1.19,12.02,36.37,1331.0,19336371.0,22806879.0,326.14
C22,12.7,2.39,5.32,19.65,30.0,3550000.0,3550000.0,45.09
C32,24.7,5.8,4.3,36.78,299383.0,15030145.0,15030145.0,374.25
C36,9.1,0.99,9.18,14.46,,1123500.0,1123500.0,10.22
C47,9.6,0.99,9.9,16.53,306096.0,17020130.0,17020130.0,166.8
C4G,10.2,0.51,20.11,11.84,1173513.0,100000000.0,100000000.0,1020.0
C69,7.5,0.29,28.33,5.17,118530.0,30000000.0,30000000.0,243.0
C71,6.4,0.22,28.9,12.21,80.0,5000000.0,5000000.0,32.0
C92,3.4,0.43,8.17,11.25,5221.0,5312920.0,5312920.0,18.6
CAB,140.9,0.82,171.48,11.7,,45745876.0,45745876.0,6445.59
CAG,85.7,0.26,328.07,10.65,,13800000.0,13800000.0,1182.66
CAM,15.7,4.41,3.56,12.37,,14400.0,1310700.0,20.58
CAN,28.1,4.01,7.01,25.72,225.0,5000000.0,5000000.0,140.5
CAP,37.6,5.75,6.54,16.4,7536.0,5236023.0,5236023.0,196.87
CAT,14.0,2.14,6.68,11.84,2210.0,9748579.0,9748579.0,139.4
CAV,70.4,6.67,10.47,29.71,1204.0,57600000.0,57489430.0,4018.51
CBC,9.7,0.08,127.07,9.87,,11882400.0,11882400.0,115.26
CBS,7.3,2.15,3.39,17.5,,3527925.0,3528000.0,25.75
CC4,7.8,0.09,91.69,12.33,10.0,16000000.0,16000000.0,124.8
CCA,10.5,0.83,12.62,14.04,346.0,15092326.0,15092326.0,158.47
CCH,3.9,0.22,17.67,12.08,,1000000.0,1000000.0,3.9
CCI,14.0,1.8,7.44,15.34,2645.0,17743865.0,17541105.0,235.05
CCL,7.75,0.96,8.17,12.12,332564.0,47499885.0,47499885.0,370.5
CCM,44.9,10.19,4.41,46.07,121.0,6199900.0,6199900.0,279.0
CCP,7.6,0.16,47.02,13.91,260.0,2400000.0,2400000.0,18.24
CCR,15.6,1.01,14.6,11.07,870.0,24501817.0,24453617.0,361.91
CCT,10.0,0.13,77.94,9.19,,28480000.0,28480000.0,284.8
CCV,18.0,7.27,2.48,23.79,33.0,1800000.0,1800000.0,32.4
CDC,24.0,2.61,9.11,19.06,105240.0,15706406.0,15706406.0,373.81
CDG,4.2,0.65,6.5,13.07,,3464995.0,3464995.0,14.55
CDH,3.6,1.1,3.27,19.2,,2000000.0,2000000.0,7.2
CDN,25.8,2.12,12.28,13.75,2751.0,99000000.0,99000000.0,2574.0
CDP,10.2,1.37,7.66,12.02,7843.0,18270000.0,18208800.0,191.19
CDR,5.7,1.42,4.0,16.63,,1600000.0,1600000.0,9.12
CE1,8.0,0.3,27.08,14.64,,6000000.0,6000000.0,48.0
CEC,15.0,0.12,120.07,14.35,,5977036.0,5977036.0,89.66
CEE,18.15,0.61,29.86,11.11,87585.0,41500000.0,39500000.0,718.9
CEG,11.3,0.43,26.22,23.49,,3800000.0,3800000.0,42.94
CEN,6.8,0.7,9.81,4.58,20184.0,3809200.0,3809200.0,26.28
CEO,8.4,0.47,18.2,11.42,4363206.0,257339985.0,257339985.0,2187.39
CER,10.7,0.35,30.88,10.41,,1335000.0,1335000.0,14.28
CFV,21.3,2.08,10.23,20.77,,6256100.0,6256100.0,133.25
CGP,12.0,1.5,7.98,4.02,4095.0,10735708.0,10735708.0,128.83
CGV,4.4,0.0,1135.67,8.81,,9499956.0,9499956.0,41.8
CH5,6.7,1.89,3.55,20.64,,3732450.0,3732450.0,25.01
CHC,2.5,3.44,0.73,16.3,,2720000.0,2720000.0,6.8
CHP,19.7,1.47,13.42,11.33,21467.0,146912668.0,146912668.0,2894.18
CHS,10.0,1.62,6.16,11.15,551.0,28400000.0,28400000.0,284.0
CI5,3.8,0.21,19.59,13.23,1210.0,2700000.0,2699922.0,11.07
CID,4.8,1.67,2.88,8.57,280.0,1082000.0,971100.0,4.66
CII,19.25,2.25,8.64,21.66,3310634.0,283168152.0,238838282.0,4633.46
CIP,20.7,inf,,10.0,,4545000.0,4545000.0,94.08
CKA,19.5,4.77,4.09,25.01,100.0,3286404.0,3286404.0,64.08
CKD,17.7,4.09,4.96,15.06,1870.0,31000000.0,31000000.0,629.3
CKG,13.05,2.01,6.87,11.61,1765126.0,52499781.0,52499781.0,724.5
CKH,3.2,0.03,127.43,39.16,,1037626.0,1037626.0,3.32
CKV,12.9,0.94,13.68,21.39,750.0,4050000.0,4012000.0,51.75
CLC,30.8,5.27,5.82,27.64,8492.0,26207583.0,26207583.0,804.57
CLG,0.97,0.63,1.52,1.25,95057.0,21150000.0,21150000.0,20.3
CLH,21.0,3.76,5.75,15.1,4538.0,12000000.0,12000000.0,259.2
CLL,30.9,2.51,12.29,17.83,2461.0,34000000.0,34000000.0,1050.6
CLM,23.5,6.1,3.85,17.4,10.0,11000000.0,11000000.0,258.5
CLW,25.0,0.8,31.28,16.41,7.0,13000000.0,13000000.0,325.0
CLX,17.0,1.83,9.29,14.07,102851.0,86600000.0,86600000.0,1472.2
CMC,5.3,0.36,14.66,12.66,3800.0,4561050.0,4561050.0,24.17
CMD,18.3,4.31,4.24,13.57,551.0,15000000.0,15000000.0,274.5
CMF,161.0,20.57,7.83,55.58,,8100000.0,8100000.0,1304.1
CMG,32.5,1.44,22.7,19.89,101629.0,99999866.0,99999866.0,3270.0
CMK,8.3,0.87,9.56,16.08,,1432578.0,1432578.0,11.89
CMN,52.9,5.16,10.25,29.29,310.0,4800000.0,4800000.0,253.92
CMP,8.3,0.64,13.04,11.04,,32405415.0,32405415.0,268.96
CMT,7.6,1.41,5.38,20.67,1820.0,8000000.0,8000000.0,60.8
CMV,15.6,1.46,10.69,15.23,221.0,12103912.0,12103912.0,188.82
CMW,17.2,0.78,22.04,11.42,,15534900.0,15534900.0,267.2
CMX,16.55,3.36,4.94,11.26,640113.0,26442468.0,33052997.0,548.68
CNC,21.5,2.68,9.21,12.49,390.0,11364325.0,11364326.0,280.7
CNG,19.5,1.44,13.58,17.79,47970.0,27000000.0,27000000.0,526.5
CNH,6.0,0.18,28.32,9.49,150.0,24539049.0,24539049.0,125.15
CNN,18.2,1.33,13.64,15.31,10.0,8800000.0,8800000.0,160.16
CNT,8.8,0.13,69.0,-9.08,16224.0,10015069.0,40015069.0,352.13
COM,46.5,2.16,20.93,32.26,828.0,14120628.0,14120628.0,639.66
CPC,16.5,2.19,7.58,18.95,1374.0,4303050.0,4081450.0,67.75
CPH,3.5,2.06,1.7,11.34,,4400000.0,4400000.0,15.4
CPI,1.4,0.02,60.68,-0.8,10.0,36505000.0,36505000.0,51.11
CPW,2.0,0.53,3.76,10.35,320.0,26875000.0,26875000.0,53.75
CQN,18.3,1.34,13.05,12.02,1424.0,50049936.0,75049936.0,1313.37
CQT,2.2,1.14,1.92,6.38,,25000000.0,25000000.0,55.0
CRC,17.15,0.33,49.04,11.84,300001.0,15000000.0,15000000.0,239.25
CRE,32.8,3.82,8.72,24.94,1159045.0,80000000.0,79999892.0,2664.0
CSG,11.7,inf,,7.95,184460.0,29742020.0,26680820.0,325.51
CSI,14.3,0.62,22.58,10.09,770.0,16800000.0,16800000.0,236.88
CSM,17.0,0.92,18.41,12.02,72572.0,103626467.0,103625262.0,1746.09
CSV,28.5,4.72,6.05,22.71,335059.0,44200000.0,44200000.0,1261.91
CT3,7.5,0.48,15.67,15.24,20.0,8000000.0,8000000.0,60.0
CT5,10.2,0.59,17.22,10.64,,4400000.0,4400000.0,44.88
CT6,5.5,0.04,151.77,5.86,8368.0,6108078.0,6108078.0,32.98
CTB,27.8,3.02,9.2,16.22,1070.0,13680000.0,13680000.0,380.3
CTC,3.8,0.02,228.95,3.07,,8799926.0,15799926.0,60.04
CTD,71.2,7.81,9.27,109.55,1458013.0,79255000.0,77184323.0,5588.14
CTF,21.45,0.12,172.36,11.14,71429.0,45539968.0,45539968.0,974.56
CTI,14.2,1.63,8.73,19.98,992626.0,62999997.0,54799997.0,780.9
CTP,3.2,0.53,6.22,12.45,47839.0,12099992.0,12099992.0,39.93
CTR,62.4,3.18,19.8,15.07,1047233.0,70408125.0,71781828.0,4522.26
CTS,11.0,0.69,16.01,12.57,1040373.0,106436576.0,106399644.0,1170.4
CTT,12.1,2.4,4.55,12.59,260.0,4697351.0,4697351.0,51.2
CTW,11.5,1.48,7.77,14.04,90.0,28000000.0,27997200.0,321.97
CTX,7.1,0.97,7.3,12.55,2830.0,78907276.0,78907276.0,560.24
CVC,4.4,0.2,21.54,10.56,4506.0,2200000.0,2200000.0,9.68
CVH,10.7,1.69,6.34,11.39,,1280000.0,1280000.0,13.7
CVN,10.9,4.35,4.12,19.63,371088.0,8250000.0,11550000.0,131.67
CVT,41.5,3.85,10.83,19.81,162251.0,36690887.0,36690887.0,1530.01
CX8,8.6,0.13,68.34,12.42,,2110586.0,2208426.0,18.99
CXH,7.0,0.89,7.82,11.25,,1885306.0,1885379.0,13.2
CZC,9.5,0.53,9.48,12.69,160.0,5602590.0,5602590.0,28.01
D11,26.6,2.7,9.19,17.49,12172.0,6551965.0,6551965.0,162.49
D26,8.3,3.43,2.42,17.27,,1000000.0,1000000.0,8.3
D2D,57.9,15.87,3.67,42.4,335710.0,21354984.0,30259742.0,1761.12
DAD,17.5,2.62,6.88,18.56,1094.0,5000000.0,4659200.0,83.87
DAE,14.8,3.08,4.81,24.66,1910.0,1498680.0,1498680.0,22.18
DAG,6.7,0.36,18.68,13.04,606802.0,51795085.0,51793326.0,351.16
DAP,35.0,7.39,5.44,59.7,60.0,1680000.0,1680000.0,67.54
DAR,9.2,1.57,5.86,12.64,40.0,6500000.0,6500000.0,59.8
DAS,13.7,0.65,21.09,12.2,37.0,4200000.0,4200000.0,57.54
DAT,31.8,1.12,28.5,13.92,3777.0,46005413.0,46005413.0,1462.97
DBC,48.6,13.28,3.68,37.64,2329154.0,104763911.0,104763911.0,5117.72
DBD,44.8,3.16,14.16,20.24,50199.0,52379000.0,52379000.0,2346.58
DBF,9.9,inf,,11.53,,3679200.0,3679200.0,
DBH,9.5,0.64,14.76,10.64,,2200000.0,2200000.0,20.9
DBM,28.1,3.63,8.9,29.98,110.0,1941588.0,1941588.0,62.71
DBT,13.4,1.01,13.28,13.7,17594.0,13528814.0,13528814.0,181.29
DBW,10.0,0.03,309.97,10.76,,39320100.0,39320100.0,393.2
DC1,9.8,2.36,3.94,13.38,5719.0,1649970.0,3150000.0,29.3
DC2,9.5,5.23,1.82,13.47,1920.0,2520000.0,2520000.0,23.94
DC4,10.9,1.21,8.94,11.9,18729.0,31999758.0,31999758.0,347.2
DCC,10.0,0.64,14.89,19.11,268.0,10300000.0,10300000.0,97.85
DCG,19.5,3.23,6.04,13.56,,6825000.0,6824996.0,133.09
DCH,5.1,0.52,9.87,11.33,,2880000.0,2880000.0,14.69
DCI,1.3,3.38,0.38,13.96,,2412518.0,2182518.0,2.84
DCL,21.9,2.25,9.63,15.43,129331.0,56832824.0,56832824.0,1230.43
DCM,12.5,1.1,11.4,12.25,3430137.0,529400000.0,529400000.0,6643.97
DCR,2.2,0.35,6.21,10.02,41.0,6500000.0,6500000.0,14.3
DCS,0.5,0.02,23.04,10.48,129278.0,60310988.0,60309533.0,30.15
DCT,0.8,0.24,3.28,-5.6,4883.0,27223647.0,27223647.0,21.78
DDG,28.4,0.64,44.44,12.63,118286.0,28519943.0,28519943.0,815.67
DDH,5.3,3.85,1.38,12.02,,3600000.0,3600000.0,19.08
DDN,10.9,1.51,7.18,14.45,8012.0,12134474.0,12160896.0,131.34
DFC,18.4,3.42,5.39,24.75,,6000000.0,6000000.0,110.4
DGC,48.05,5.61,8.64,26.19,671364.0,129363616.0,148766070.0,7207.72
DGL,40.0,6.23,6.42,22.87,54952.0,99785463.0,99785463.0,3991.42
DGT,60.7,0.26,229.83,7.54,5813.0,6481000.0,6481000.0,393.4
DGW,79.0,5.14,15.38,24.61,329275.0,43151747.0,43000278.0,3401.32
DHA,43.7,5.79,7.53,28.52,23056.0,15119946.0,14726073.0,642.06
DHC,60.7,6.14,9.9,22.15,321893.0,56685874.0,55995783.0,3404.54
DHD,24.8,4.1,7.68,40.46,450.0,9999945.0,9999945.0,248.0
DHG,105.5,5.62,18.68,25.65,10021.0,130746071.0,130746071.0,13728.34
DHL,2.8,inf,,10.24,48250.0,5500000.0,5500000.0,15.4
DHM,9.56,0.24,40.84,11.56,449969.0,31396180.0,31396180.0,304.54
DHN,10.0,1.25,7.97,11.44,,6290900.0,6290900.0,62.91
DHP,9.6,1.26,7.6,16.97,3115.0,9492200.0,9492200.0,91.13
DHT,54.8,4.23,12.78,14.44,23182.0,21127365.0,21125852.0,1140.8
DID,2.8,0.39,7.25,11.81,1060.0,13900000.0,13900000.0,38.92
DIG,25.35,1.5,16.95,13.01,4423504.0,314943601.0,310237121.0,7880.02
DIH,12.1,0.51,23.64,15.48,637.0,5979962.0,5910262.0,71.51
DKC,25.7,0.59,43.62,11.04,70.0,2288540.0,2288540.0,58.82
DKP,6.5,0.87,7.51,11.5,600.0,3003910.0,2995910.0,19.47
DL1,27.9,0.24,117.9,10.82,50.0,101177353.0,101177353.0,2822.85
DLC,38.8,1.91,20.32,11.35,,4780080.0,4780080.0,185.47
DLT,10.3,4.33,2.38,24.03,,2500056.0,2500056.0,25.75
DLV,13.0,0.93,13.96,11.32,,2910000.0,2910000.0,37.83
DM7,7.8,2.92,2.67,14.52,,15411100.0,15411100.0,120.21
DMC,56.6,5.79,9.72,36.6,68389.0,34727465.0,34727465.0,1955.16
DNA,18.9,2.66,6.81,35.5,252.0,53647445.0,53647445.0,971.02
DNB,6.9,8.16,0.85,318.35,,1447554.0,50000.0,0.35
DNC,50.0,4.09,12.22,13.5,1590.0,5137850.0,5137850.0,256.89
DND,25.3,1.43,18.13,14.15,110.0,8834000.0,8834000.0,229.68
DNE,9.7,2.2,4.4,12.66,290.0,5773600.0,5773600.0,56.0
DNF,2.2,0.42,5.22,6.31,,5000000.0,5000000.0,11.0
DNH,28.0,1.61,20.0,13.27,390.0,422400000.0,422400000.0,13601.28
DNL,17.5,2.36,7.42,12.98,500.0,4310000.0,4310000.0,75.43
DNM,41.8,8.38,4.89,26.48,40148.0,4377605.0,4377605.0,179.48
DNN,0.2,2.42,0.08,12.05,,57964061.0,57964061.0,11.59
DNP,17.8,0.19,92.73,12.43,3559.0,100008535.0,109145683.0,1942.79
DNR,10.5,2.15,4.89,12.63,,1577500.0,1577500.0,16.56
DNT,25.5,1.7,15.02,10.8,11.0,7459675.0,7459675.0,190.22
DNW,21.5,2.27,9.36,14.17,5692.0,100000000.0,100000000.0,2120.0
DOC,8.5,0.13,65.99,10.19,,10000000.0,10000000.0,85.0
DOP,9.6,1.72,5.57,15.43,180.0,4719950.0,4719950.0,45.31
DP1,15.5,1.87,8.28,11.78,30.0,20979000.0,20979000.0,325.17
DP3,86.0,9.35,9.09,35.84,2182.0,8600000.0,8600000.0,731.0
DPC,12.7,2.07,6.15,20.2,53.0,2237280.0,2237280.0,28.41
DPG,29.3,5.67,5.17,20.35,653553.0,44999810.0,43499810.0,1274.54
DPH,24.5,5.39,4.73,48.13,920.0,3000000.0,3000000.0,76.5
DPM,18.0,2.1,8.55,20.52,3815936.0,391400000.0,391334260.0,7044.02
DPP,15.3,1.93,7.92,14.64,50.0,3000010.0,3000010.0,45.9
DPR,45.5,4.79,9.51,45.59,103554.0,43000000.0,40124790.0,1825.68
DQC,15.7,0.36,44.46,32.87,78268.0,34359416.0,27558066.0,438.17
DRC,22.2,1.92,11.53,13.78,1656167.0,118792605.0,118792605.0,2625.32
DRG,12.3,0.08,146.21,10.21,,155800000.0,155800000.0,1916.34
DRH,7.9,1.02,7.81,13.77,2048017.0,60999933.0,60342933.0,482.14
DRI,7.5,0.19,39.85,10.23,766310.0,73200000.0,73200000.0,549.0
DRL,54.5,5.55,10.01,13.7,4284.0,9500000.0,9500000.0,527.25
DS3,3.9,0.65,6.14,10.68,35203.0,10669730.0,10669730.0,42.68
DSN,46.9,2.38,19.8,15.63,11361.0,12083009.0,12083009.0,570.32
DSS,7.5,1.41,5.33,11.82,,2045000.0,2045000.0,15.34
DST,2.6,0.24,10.62,9.84,521914.0,32300000.0,32219000.0,83.77
DSV,10.0,1.77,5.64,11.99,,1229579.0,1229579.0,12.3
DT4,8.0,1.34,5.99,11.38,50.0,1160000.0,1160000.0,9.28
DTB,9.3,1.03,8.24,11.59,172.0,1558248.0,1558248.0,13.25
DTC,12.3,1.72,7.15,10.2,2335.0,10000000.0,10000000.0,123.0
DTD,28.5,4.14,6.81,16.93,161159.0,27039053.0,27495553.0,775.37
DTG,8.9,1.03,8.63,19.42,2.0,6315928.0,6315928.0,56.21
DTI,9.8,0.1,102.92,10.1,1.0,11521754.0,11521754.0,112.91
DTK,12.2,0.75,18.77,10.65,2230.0,680000000.0,680000000.0,9520.0
DTN,62.9,0.41,154.38,12.46,10.0,2200000.0,2200000.0,138.38
DTP,45.0,7.7,5.46,27.42,2530.0,12171782.0,12171782.0,511.21
DTT,13.3,1.06,11.67,15.08,7.0,8151820.0,8151820.0,101.08
DTV,40.0,3.88,9.24,18.65,400.0,5280000.0,5264000.0,188.98
DUS,10.0,2.77,3.61,14.17,400.0,5614300.0,5614300.0,56.14
DVC,8.5,0.9,10.15,12.42,55600.0,10793670.0,10793670.0,98.22
DVD,3.6,inf,,25.55,33108.0,11910000.0,18460500.0,64.61
DVH,11.0,2.99,3.67,9.31,10.0,11000000.0,11000000.0,121.0
DVN,17.3,0.72,24.66,11.35,1072696.0,237000000.0,237000000.0,4218.6
DVP,45.4,6.05,7.6,30.92,94160.0,40000000.0,40000000.0,1840.0
DVW,19.6,2.87,6.83,17.89,,2345000.0,2345000.0,45.96
DWS,10.3,1.04,9.89,11.51,10.0,25918130.0,25918130.0,266.96
DX2,10.2,0.52,19.48,10.52,,4950000.0,4950000.0,50.49
DXD,14.1,0.0,2825.46,10.45,,1019700.0,1019700.0,14.38
DXL,3.5,0.12,28.71,10.57,,3957900.0,3957900.0,13.85
DXP,16.4,2.02,8.26,17.09,417670.0,25987027.0,25987287.0,433.99
DXV,3.46,0.32,10.83,11.2,2729.0,9900000.0,9900000.0,34.35
DZM,3.3,0.03,102.25,9.07,25882.0,5395985.0,5395985.0,17.27
E12,10.0,0.44,22.97,12.4,,1200000.0,1200000.0,12.0
E29,6.0,0.85,7.08,10.05,40.0,5000000.0,5000000.0,30.0
EAD,21.4,2.21,9.7,12.47,,2877800.0,2877800.0,61.58
EBA,9.1,0.83,11.02,11.69,,15500000.0,15500000.0,141.05
EBS,8.2,0.55,15.0,12.34,1512.0,10219484.0,9965584.0,81.72
ECI,14.0,2.38,5.89,18.58,,1860000.0,1760000.0,24.64
EFI,2.0,0.02,90.9,8.24,50.0,13425700.0,10880000.0,21.76
EIC,7.3,0.81,10.08,10.83,450.0,36677145.0,36677145.0,300.75
EID,14.0,3.0,4.94,20.26,19386.0,15000000.0,15000000.0,222.0
EIN,5.0,0.28,16.92,10.34,5346.0,45407161.0,45407161.0,213.41
ELC,7.4,0.87,8.88,16.4,435183.0,51528243.0,50618648.0,389.76
EMC,20.0,0.13,149.58,10.49,1.0,15297333.0,15297333.0,305.95
EME,45.0,0.01,4700.62,17.46,,3780298.0,3780298.0,170.11
EMG,18.5,3.17,5.84,24.88,,3000000.0,3000000.0,55.5
EMS,30.3,5.81,5.18,14.98,613.0,9159125.0,15000815.0,451.52
EPH,7.5,1.66,4.52,13.01,1500.0,2500000.0,2500000.0,18.75
EVE,13.4,1.23,10.89,23.98,82224.0,41979773.0,38047973.0,509.84
EVG,5.86,0.35,17.02,11.5,891586.0,60000000.0,60000000.0,354.0
EVS,6.2,0.04,150.3,12.2,2820.0,60000400.0,60000400.0,402.0
FBA,0.9,0.56,1.62,10.8,,3414900.0,3414900.0,3.07
FBC,4.6,8.44,0.55,23.16,,3700000.0,3700000.0,17.02
FCM,5.97,0.77,7.8,12.54,12871.0,41000000.0,41000000.0,246.0
FCN,11.95,1.2,10.46,18.77,1363011.0,119538893.0,123930789.0,1549.13
FDT,38.8,2.34,16.57,13.14,1.0,3054500.0,3054500.0,118.51
FHN,14.0,0.58,24.2,16.2,340.0,3000000.0,3000000.0,42.0
FHS,27.0,2.74,9.86,17.32,20.0,9108277.0,9108277.0,245.92
FIC,12.8,0.04,299.18,11.39,,127000000.0,127000000.0,1625.6
FIR,25.3,1.78,14.31,17.07,78762.0,27039864.0,27039864.0,689.52
FIT,11.2,0.36,31.85,11.92,2555657.0,254730247.0,254730247.0,2929.4
FMC,36.55,4.56,8.01,20.75,535892.0,49044000.0,49044000.0,1792.56
FOC,105.1,11.5,9.21,41.27,891.0,18471275.0,18465025.0,1955.45
FOX,58.3,4.05,14.48,19.17,18804.0,273646461.0,273616446.0,16061.29
FPC,1.5,inf,,-8.68,1892.0,13106292.0,32999991.0,52.8
FPT,56.7,4.22,13.52,19.22,1973196.0,783987486.0,783905110.0,44760.98
FRC,16.5,5.34,3.09,24.79,,3000000.0,3000000.0,49.5
FRM,17.0,0.42,40.13,11.76,0.0,11700000.0,11700000.0,198.9
FSC,11.2,0.48,23.3,35.58,,30000000.0,30000000.0,336.0
FT1,29.7,6.46,4.59,19.09,190.0,7079853.0,7079853.0,210.27
FTI,3.5,0.79,4.44,7.07,,3943710.0,3943710.0,13.8
FTS,13.85,0.44,31.95,15.89,741108.0,132267349.0,132266953.0,1838.51
G36,11.1,0.89,12.74,14.17,2079019.0,93600000.0,96563749.0,1062.2
GAB,193.2,0.41,471.45,11.7,3243.0,13800000.0,13800000.0,2668.92
GAS,85.4,4.77,17.97,24.42,1087730.0,1895000000.0,1913950000.0,164216.91
GCB,9.5,1.03,9.24,15.97,20.0,4039147.0,4039147.0,38.37
GDT,38.4,4.35,9.1,16.42,17628.0,17136968.0,16877158.0,668.34
GDW,20.2,0.9,22.55,15.92,20.0,9500000.0,9500000.0,191.9
GEG,17.55,0.9,19.45,11.6,1030970.0,271175188.0,271175188.0,4772.68
GER,5.0,0.45,11.08,11.49,,2200000.0,2200000.0,11.0
GEX,20.9,1.39,15.22,13.71,7371038.0,488244000.0,469969050.0,9963.34
GGS,3.1,0.38,8.17,12.28,,10200000.0,10200000.0,31.62
GHA,6.2,inf,,20.33,5010.0,2616960.0,2578960.0,16.76
GHC,32.9,4.49,8.01,20.64,11756.0,20500000.0,31775000.0,1042.22
GIC,18.7,3.52,5.4,18.14,13760.0,12120000.0,12120000.0,230.28
GIL,46.2,7.23,6.43,31.73,385211.0,36000000.0,35983800.0,1671.45
GKM,16.4,0.38,43.96,11.75,173031.0,14883709.0,14883709.0,247.07
GLT,19.9,2.03,9.59,10.47,19037.0,9236446.0,8131296.0,158.56
GLW,4.1,0.46,8.97,10.57,,18000000.0,18000000.0,73.8
GMA,36.3,0.68,58.24,12.03,2230.0,6000000.0,6000000.0,237.0
GMC,18.1,1.64,11.13,23.72,37670.0,30005280.0,29956020.0,548.2
GMD,33.2,1.27,25.85,19.59,6456920.0,296924957.0,296924957.0,9783.68
GMX,25.1,5.09,4.93,18.04,50.0,5320694.0,5314448.0,133.39
GND,26.0,4.89,5.32,32.85,1710.0,9000000.0,8263200.0,214.84
GSM,8.5,0.54,15.74,12.45,960.0,28562000.0,28562000.0,242.78
GSP,11.15,1.63,6.61,12.33,13941.0,36000000.0,36000000.0,387.0
GTA,12.4,1.69,7.17,16.58,2942.0,10400000.0,9830000.0,118.94
GTC,2.1,9.93,0.21,-69.71,,1032243.0,1032243.0,2.17
GTH,5.3,0.32,16.57,12.18,,2735500.0,2735500.0,14.5
GTN,28.0,0.02,1775.48,10.3,3072296.0,250000000.0,249000000.0,6959.55
GTS,9.8,1.63,6.01,11.16,0.0,28499764.0,28499764.0,279.3
GVR,23.25,0.77,30.32,11.24,4424762.0,4000000000.0,4000000000.0,93200.0
GVT,51.7,9.8,5.28,22.64,1429.0,11605100.0,11605100.0,599.98
H11,9.9,0.12,80.34,11.85,,1060000.0,1060000.0,10.49
HAB,27.8,0.35,80.18,10.81,,2000000.0,2000000.0,55.6
HAC,5.2,0.48,10.79,10.53,8289.0,29181096.0,29176390.0,151.72
HAD,17.6,3.29,5.41,20.05,10324.0,4000000.0,4000000.0,71.2
HAF,14.9,0.18,83.23,8.65,700.0,14500000.0,14500000.0,216.05
HAH,17.1,2.5,7.3,21.5,1273167.0,48782751.0,47392798.0,864.92
HAM,21.1,2.83,7.45,18.12,,6225399.0,6847899.0,144.49
HAN,14.6,0.25,58.49,11.25,75502.0,141048000.0,141048000.0,2059.3
HAP,5.82,0.24,24.42,12.23,493080.0,55626621.0,55471151.0,325.62
HAR,4.65,0.08,55.06,10.95,1237917.0,101350100.0,95684090.0,443.02
HAS,8.55,0.49,17.3,17.9,975.0,8000000.0,7800000.0,66.3
HAT,24.4,4.78,5.06,25.03,5764.0,3123000.0,3123000.0,75.58
HAX,18.1,1.91,9.5,12.81,455059.0,36744399.0,36610129.0,664.47
HBC,14.25,1.18,12.12,15.49,9720932.0,205875398.0,230875398.0,3313.06
HBD,14.3,1.9,7.63,15.99,90.0,2011100.0,1904400.0,27.61
HBE,8.0,0.5,16.12,11.82,250.0,2231058.0,2231058.0,17.85
HBH,5.1,0.76,6.72,8.44,310.0,16000000.0,16000000.0,81.6
HBI,26.0,0.2,131.67,10.22,,51000000.0,51000000.0,1326.0
HBS,3.4,0.1,37.45,11.69,125066.0,32999980.0,32999980.0,122.1
HBW,7.1,0.47,15.15,10.93,,6679289.0,6679289.0,47.42
HC1,23.8,1.51,15.8,24.55,,8000000.0,8000000.0,190.4
HC3,26.1,4.65,5.62,32.8,8600.0,18805267.0,18805267.0,490.82
HCB,14.7,5.23,2.81,26.98,110.0,5199274.0,5199274.0,76.43
HCC,10.2,1.95,5.22,12.87,31294.0,6518586.0,6518547.0,66.49
HCM,28.55,2.1,13.38,14.61,5944558.0,305882263.0,305041862.0,8586.93
HCS,12.7,2.85,4.46,14.0,,2250000.0,2250000.0,28.58
HCT,10.5,0.78,14.81,20.57,2045.0,2016385.0,2016385.0,23.19
HD2,5.9,0.51,11.35,13.71,83777.0,8962353.0,8962353.0,51.98
HD3,10.0,0.0,4015.06,10.0,,2000000.0,2000000.0,20.0
HD8,7.0,1.48,4.72,13.37,110.0,10000000.0,10000000.0,70.0
HDA,8.4,0.61,13.73,15.38,55183.0,11500000.0,11500000.0,96.6
HDC,31.8,2.87,11.43,15.2,857849.0,66515837.0,65875008.0,2160.7
HDG,34.45,6.22,5.53,19.29,2012735.0,154275018.0,154286919.0,5307.47
HDM,14.0,1.82,7.74,20.21,1610.0,10000000.0,10000000.0,141.0
HDP,9.5,1.13,9.08,12.86,5047.0,9011418.0,9011418.0,83.81
HDW,11.6,1.55,7.47,12.83,,31882470.0,31882470.0,369.84
HEC,52.5,11.32,5.04,33.18,440.0,4200000.0,4200000.0,239.4
HEJ,22.9,1.7,13.43,16.31,710.0,4400000.0,4400000.0,100.76
HEM,12.9,0.78,16.2,16.2,1014.0,38704650.0,38549019.0,489.57
HEP,9.1,1.19,7.67,101.51,50.0,6000000.0,6000000.0,54.6
HES,10.6,0.78,13.63,12.42,,9297450.0,9297450.0,98.55
HEV,13.8,1.8,7.66,16.15,291.0,1000000.0,1000000.0,13.8
HFB,7.0,1.17,5.97,11.0,,9100000.0,9100000.0,63.7
HFC,6.7,0.83,6.89,10.41,20.0,6455335.0,6455335.0,36.8
HFS,23.3,0.01,1818.05,11.71,,10000000.0,10000000.0,233.0
HGM,38.0,0.24,155.44,12.08,,12600000.0,11920720.0,452.99
HGW,9.6,0.69,13.96,21.57,10.0,24878291.0,17478835.0,167.8
HHA,71.1,5.93,11.99,26.27,20.0,5896100.0,5896100.0,419.21
HHC,94.4,2.5,35.08,26.55,520.0,16425000.0,16425000.0,1442.12
HHN,6.6,0.05,144.36,13.17,,1440000.0,1440000.0,9.5
HHP,12.6,1.05,12.08,11.07,284124.0,18000000.0,18000000.0,228.6
HHR,1.6,2.39,0.67,10.91,,1380000.0,1380000.0,2.21
HHS,4.9,1.29,3.82,13.19,3343139.0,274744063.0,274744063.0,1359.98
HHV,16.1,0.05,346.23,22.99,30.0,267384090.0,267384090.0,4545.53
HID,2.57,0.15,17.75,10.33,140606.0,58765032.0,58759391.0,157.48
HIG,10.4,1.57,6.67,18.02,21568.0,22559030.0,20418998.0,214.4
HII,15.0,1.4,12.47,16.65,239988.0,32027500.0,32027500.0,486.82
HIZ,28.0,3.02,9.27,23.47,90.0,7500000.0,7500000.0,210.0
HJC,5.5,0.83,6.63,11.06,,12853052.0,12853052.0,70.69
HJS,34.5,2.49,13.88,14.06,100580.0,20999900.0,20999900.0,724.5
HKC,36.0,1.29,27.88,15.56,80.0,2400000.0,2400000.0,86.4
HKP,4.3,0.23,19.08,11.93,1640.0,4000000.0,4000000.0,17.2
HKT,7.0,0.39,19.65,11.41,10.0,6135029.0,6135029.0,46.63
HLB,109.8,19.71,4.74,46.56,1120.0,3000000.0,3000000.0,280.5
HLC,7.3,1.89,3.7,11.66,1140.0,25415199.0,25415199.0,177.91
HLD,28.7,2.48,11.57,24.39,201371.0,20000000.0,20000000.0,574.0
HLE,3.8,1.31,2.89,11.31,,2200000.0,2200000.0,8.36
HLG,6.2,1.73,3.57,19.55,,44375385.0,44225385.0,274.2
HLR,6.0,1.54,3.89,12.21,,1650000.0,1650000.0,9.9
HLS,17.0,2.97,7.4,14.89,,8159921.0,8159963.0,138.72
HMC,14.9,0.75,19.86,17.89,27942.0,21000000.0,21000000.0,312.9
HMH,10.0,0.93,11.56,18.7,21571.0,13199847.0,12847647.0,138.75
HMS,22.0,5.57,4.04,46.45,139.0,8000000.0,8000000.0,180.0
HNB,14.3,1.31,10.9,11.11,,9500000.0,9500000.0,135.85
HND,18.5,3.03,6.2,13.05,119615.0,500000000.0,500000000.0,9400.0
HNE,8.4,0.69,12.21,11.54,1900.0,192600000.0,192600000.0,1617.84
HNF,21.4,0.9,23.69,15.41,1060.0,30000000.0,30000000.0,642.0
HNI,34.6,10.31,3.39,31.67,2240.0,11890000.0,9407900.0,328.34
HNP,18.9,2.77,6.81,25.81,404.0,5000000.0,5000000.0,94.5
HNT,2.3,0.51,4.53,10.84,,5500000.0,5500000.0,12.65
HOM,3.3,0.13,24.47,13.69,29747.0,74769131.0,71997731.0,230.39
HPB,16.8,2.52,6.14,28.68,50.0,3880000.0,3657200.0,56.69
HPD,17.8,1.7,10.46,12.48,4340.0,8306590.0,8306590.0,147.86
HPG,38.6,3.23,12.03,16.54,19870857.0,3313282659.0,3313282659.0,128555.37
HPH,3.5,0.36,9.84,11.94,420.0,8400000.0,8400000.0,29.4
HPI,23.9,3.5,6.79,2.11,3464.0,60000000.0,60000000.0,1428.0
HPP,35.5,10.27,3.79,43.24,2630.0,8007177.0,8007177.0,311.48
HPR,12.0,inf,,6.3,380.0,4800000.0,16838000.0,181.85
HPS,7.0,0.08,90.17,2.32,,1565250.0,3130500.0,21.91
HPT,9.8,2.25,5.03,14.3,4179.0,8272605.0,8117150.0,79.55
HPU,5.3,4.86,1.09,18.18,,2000000.0,2000000.0,10.6
HPW,14.7,1.18,12.41,13.19,1300.0,74206940.0,74206940.0,1090.84
HPX,27.7,1.6,16.97,11.78,513440.0,229995506.0,291990902.0,7942.15
HQC,1.71,0.04,43.42,9.1,7155908.0,476600000.0,476599274.0,810.22
HRB,27.0,3.06,8.82,20.21,,6338400.0,6338400.0,171.14
HRC,40.05,0.29,127.79,17.61,296.0,30206622.0,30206622.0,1126.71
HRG,6.6,0.32,20.81,11.03,,2650000.0,2650000.0,17.49
HSC,179.4,inf,,14.15,,580000.0,580000.0,104.05
HSG,20.9,2.58,8.13,14.81,13258144.0,444625213.0,444369913.0,9309.55
HSL,7.0,1.49,4.77,15.01,292426.0,17167144.0,17167452.0,111.76
HSM,9.8,0.71,13.85,22.77,80.0,20500000.0,20500000.0,200.9
HSP,11.7,0.69,16.93,14.88,,12027086.0,12027086.0,140.72
HST,6.4,0.68,9.41,11.52,,1500000.0,1488440.0,9.53
HT1,16.7,1.77,9.38,14.93,1408638.0,381589911.0,381541911.0,6352.67
HT2,14.3,inf,,11.8,102312.0,88000000.0,88000000.0,1161.55
HTB,21.3,inf,,10.11,,1800000.0,1800000.0,38.34
HTC,28.0,3.59,7.8,24.97,370.0,11000000.0,11000000.0,308.0
HTE,6.9,0.38,18.22,9.21,18759.0,23608165.0,23837245.0,166.86
HTG,18.8,3.44,5.4,19.17,5146.0,22500000.0,22500000.0,418.5
HTI,14.65,2.49,5.81,18.54,113809.0,24949200.0,24949200.0,360.52
HTK,10.0,1.27,7.9,46.36,,1458710.0,1458710.0,14.59
HTL,16.3,1.08,14.77,16.7,3366.0,12000000.0,12000000.0,192.0
HTM,10.9,0.43,25.1,10.28,13813.0,220000000.0,219958600.0,2375.55
HTN,43.6,12.21,3.62,30.72,143415.0,33062221.0,33062221.0,1459.7
HTP,9.0,0.18,50.17,12.03,153.0,1804980.0,1645580.0,14.81
HTR,9.3,1.55,6.02,12.32,,1500700.0,1500700.0,13.96
HTU,8.9,0.26,34.8,11.08,,16438382.0,16438382.0,146.3
HTV,12.7,1.97,6.44,25.31,5963.0,13104000.0,13104000.0,166.42
HTW,10.0,0.39,25.91,19.28,,20400893.0,20400893.0,204.01
HU1,7.85,0.9,8.65,13.53,4604.0,10000000.0,10000000.0,77.9
HU3,7.12,0.38,17.75,15.01,369.0,9999944.0,9999944.0,67.1
HU4,8.0,1.17,6.86,13.34,2220.0,15000000.0,15000000.0,120.0
HU6,6.0,0.84,7.17,11.77,690.0,7500000.0,7500000.0,45.0
HUB,20.05,4.22,4.75,26.37,24441.0,15246000.0,19057316.0,382.1
HUG,31.8,4.92,6.46,18.6,10.0,16259725.0,16259725.0,517.06
HVA,4.0,0.23,17.04,10.15,4930.0,5650000.0,5650000.0,22.6
HVC,14.1,3.64,3.87,17.87,,6920750.0,6920750.0,97.58
HVH,8.96,1.23,7.3,13.95,154060.0,21949995.0,21949995.0,197.55
HVT,31.0,3.04,10.19,20.24,1281.0,10988059.0,10988280.0,340.64
HVX,3.1,0.1,30.42,10.57,530.0,38525250.0,41525250.0,129.56
HWS,11.5,0.95,12.07,10.81,1180.0,87600000.0,87452500.0,1005.7
I10,0.8,1.76,0.45,-3.43,,3500000.0,3500000.0,2.8
I40,3.3,inf,,14.46,,1539120.0,1539120.0,5.08
IBD,12.9,0.87,14.81,10.85,,9000000.0,9000000.0,116.1
ICC,36.0,6.26,5.75,41.84,,3800000.0,3800000.0,136.8
ICG,6.3,0.34,18.46,15.29,1448.0,20000000.0,17572000.0,110.7
ICI,3.2,0.15,21.71,12.54,1530.0,4000000.0,4000000.0,13.2
ICN,58.1,6.61,15.0,20.04,2902.0,8000000.0,8000000.0,496.0
ICT,23.9,inf,,21.34,128710.0,32185000.0,32185000.0,770.83
IDC,35.0,5.48,6.48,11.8,1414859.0,300000000.0,300000000.0,10650.0
IDI,6.4,0.43,15.23,12.42,3274011.0,227644608.0,227644608.0,1491.07
IDJ,16.5,1.91,8.7,12.38,292759.0,32600000.0,32600000.0,541.16
IDN,9.0,1.6,5.62,17.31,,1100000.0,1100000.0,9.9
IDV,57.0,12.35,4.6,24.82,18329.0,18351351.0,17004051.0,965.83
IFC,7.0,0.08,87.54,10.47,210.0,9000000.0,9000000.0,63.0
IFS,18.4,1.4,13.07,9.87,1486.0,87140984.0,87140984.0,1594.68
IHK,14.0,1.65,8.49,13.47,22.0,2141928.0,2141928.0,29.99
IJC,16.25,1.88,9.21,13.9,1247487.0,137097323.0,137097323.0,2378.64
IKH,7.9,0.66,12.01,10.68,,1571000.0,1571000.0,12.41
ILA,2.9,0.47,6.63,10.09,17268.0,16999993.0,16999993.0,52.7
ILB,27.4,2.7,10.02,16.17,137357.0,24502245.0,24502245.0,661.56
ILC,3.8,inf,,0.85,151.0,4074052.0,6079098.0,23.1
ILS,12.6,0.25,51.48,9.05,470.0,36000000.0,36000000.0,460.8
IMP,56.2,2.97,18.99,24.93,82626.0,66705370.0,66671570.0,3760.28
IN4,90.3,9.34,9.67,30.76,,1200000.0,1200000.0,108.36
INC,9.7,1.25,7.77,12.47,220.0,1800000.0,2000000.0,19.4
INN,32.1,4.1,7.81,27.91,15966.0,18000000.0,18000000.0,576.0
IPA,16.7,1.94,9.29,16.02,5600.0,89098248.0,89098248.0,1603.77
IPH,69.0,0.83,83.17,261.04,,1000000.0,38431.0,2.65
IRC,9.4,2.07,4.54,59.13,,17500000.0,2955300.0,27.78
ISH,16.8,1.42,11.9,11.88,4500.0,45000000.0,45000000.0,760.5
IST,21.7,3.39,6.5,14.5,30.0,12008672.0,12008672.0,264.19
ITA,5.49,0.09,60.06,11.45,19367620.0,938463607.0,938321575.0,5320.28
ITC,15.6,2.37,6.54,23.4,13454.0,79726294.0,79285934.0,1228.93
ITD,9.2,1.78,5.16,14.18,77591.0,16000246.0,18992610.0,174.73
ITQ,2.4,0.06,40.44,11.48,84466.0,23843305.0,22123705.0,57.52
ITS,3.7,0.22,17.0,7.02,11600.0,16200000.0,25200000.0,93.24
JSC,2.3,0.27,9.16,10.34,,1550000.0,1510100.0,3.78
JVC,4.69,0.05,91.51,4.71,785253.0,166537461.0,112500171.0,529.88
KAC,8.9,0.75,11.79,13.52,0.0,23999999.0,23999999.0,213.6
KBC,16.45,0.82,20.14,20.15,3271375.0,475711167.0,469760189.0,7751.04
KBE,18.9,2.89,6.54,16.53,,1231060.0,1231060.0,23.27
KBT,6.1,inf,,11.2,10.0,3001699.0,3001710.0,18.31
KCE,9.2,0.59,15.57,18.81,,1500000.0,1500000.0,13.8
KDC,38.4,0.74,51.81,27.65,899387.0,256653397.0,205661141.0,7887.1
KDF,46.6,3.01,15.53,15.25,161560.0,56000000.0,54160000.0,2534.69
KDH,27.7,2.08,13.57,14.37,2000003.0,578657219.0,550806579.0,15532.75
KGM,8.3,0.61,13.63,10.84,10.0,25430000.0,25430000.0,211.07
KGU,15.9,1.93,8.24,27.58,,1489573.0,1489573.0,23.68
KHA,23.6,2.82,8.36,19.55,2564.0,14120309.0,13958779.0,329.43
KHD,8.3,1.4,5.92,11.5,29.0,3262818.0,3262818.0,27.08
KHS,14.7,1.81,8.12,13.81,620.0,12090969.0,12090969.0,177.74
KHW,18.1,1.35,13.39,12.12,10.0,26000000.0,26046600.0,471.44
KIP,20.0,0.72,27.59,18.67,10.0,9800000.0,9800000.0,196.0
KLM,9.6,0.0,2426.66,10.41,,3885000.0,3885000.0,37.3
KMF,14.7,inf,,13.8,32270.0,10383054.0,10383054.0,152.63
KMT,8.1,0.9,8.98,12.63,500.0,9846562.0,9846562.0,79.76
KOS,30.4,0.17,183.69,11.04,273418.0,103750000.0,103750000.0,3200.69
KPF,17.65,1.52,11.17,12.3,15871.0,18017896.0,18017896.0,306.3
KSA,0.48,0.12,4.05,10.67,588604.0,93427360.0,93427360.0,44.85
KSB,29.9,6.6,4.55,26.27,2116096.0,64468478.0,66633078.0,2002.32
KSC,0.5,0.86,0.82,12.4,10.0,3739823.0,3739823.0,2.62
KSE,25.1,5.22,4.81,20.0,,1476000.0,1157500.0,29.05
KSQ,1.6,0.04,35.16,10.44,17531.0,30000000.0,30000000.0,45.0
KST,18.0,3.41,5.27,21.98,210.0,2996010.0,2996010.0,53.93
KSV,9.5,0.36,26.43,10.28,,200000000.0,202367040.0,1922.49
KTB,1.9,0.0,665.52,10.27,,40200000.0,40200000.0,76.38
KTC,11.0,1.43,6.99,11.46,30.0,36473833.0,36473833.0,364.74
KTL,25.0,1.75,14.3,20.15,710.0,6519500.0,19200000.0,480.0
KTS,14.5,0.93,15.54,31.49,2341.0,5070000.0,5070000.0,73.52
KTT,3.2,0.83,4.22,11.46,5730.0,2955000.0,2955000.0,10.34
KTU,7.9,5.53,1.43,17.72,,1210330.0,1210330.0,9.56
L10,18.6,1.79,10.41,24.87,905.0,9890000.0,9790000.0,182.09
L12,4.1,0.54,7.93,12.94,620.0,7000000.0,6738871.0,28.98
L14,51.9,1.93,27.01,13.84,50930.0,24345567.0,24395367.0,1268.56
L18,9.8,0.38,26.02,11.52,15.0,22988008.0,45976016.0,450.56
L43,2.4,0.07,39.32,13.76,1870.0,3500000.0,3500000.0,9.1
L45,2.0,0.02,105.36,8.48,,4800000.0,4800000.0,9.6
L62,9.9,0.08,118.72,13.43,,8298243.0,8298243.0,82.15
L63,9.8,0.02,462.12,12.96,130.0,8279361.0,8279361.0,81.14
LAF,9.5,1.08,9.36,9.69,3445.0,14728019.0,14728019.0,149.49
LAI,11.5,2.15,5.35,16.19,,8550000.0,8550000.0,98.33
LAW,13.6,1.27,10.74,14.14,,12200000.0,12200000.0,165.92
LBC,11.0,2.59,4.25,21.33,,1500000.0,1500000.0,16.5
LBE,34.0,1.24,27.43,18.04,310.0,1100000.0,1095900.0,37.26
LBM,33.45,6.66,4.97,36.83,7015.0,10000000.0,10000000.0,331.0
LCD,6.8,0.58,11.67,19.59,,1474000.0,1499945.0,10.2
LCG,12.45,1.82,6.99,15.05,4213759.0,97248172.0,115248172.0,1469.41
LCM,0.71,0.06,11.99,8.95,44589.0,24633000.0,24632809.0,17.74
LCW,10.0,0.02,597.35,10.03,,21586514.0,21566514.0,215.67
LDG,7.4,1.11,6.67,12.94,8006614.0,240212451.0,239822411.0,1777.08
LDW,13.3,2.52,5.27,85.96,,78800000.0,13816193.0,183.76
LG9,4.0,1.39,2.88,15.04,,5026600.0,5026600.0,20.11
LGC,67.1,1.25,56.07,2.64,664.0,192854765.0,192854765.0,13499.83
LHC,44.5,8.44,5.25,41.22,10214.0,7200000.0,7200000.0,318.96
LHG,34.45,3.4,10.05,24.34,387444.0,50012010.0,50069714.0,1712.38
LIC,5.5,0.37,14.68,3.6,120.0,90000000.0,90000000.0,495.0
LIG,5.5,0.82,6.8,7.22,705544.0,43598032.0,64034124.0,358.59
LIX,53.8,6.39,8.5,20.51,60599.0,32400000.0,32400000.0,1759.32
LKW,27.9,4.15,6.72,19.44,1043.0,2500000.0,2500000.0,69.75
LLM,20.0,0.69,29.44,13.81,29680.0,79726104.0,79726104.0,1610.47
LM8,11.25,0.76,14.98,29.97,2498.0,9388682.0,9388682.0,107.03
LMC,9.3,0.63,14.27,12.21,71150.0,1500000.0,1500000.0,13.5
LMI,9.6,1.59,6.05,16.54,,5500000.0,5500000.0,52.8
LNC,10.0,0.12,80.21,10.27,,8230067.0,8230067.0,82.3
LQN,9.0,0.07,125.37,7.6,,1893540.0,1893540.0,17.04
LSS,7.9,0.13,62.16,22.59,369339.0,70000000.0,66994950.0,525.91
LTG,25.5,3.03,8.74,32.72,825540.0,80593340.0,80593340.0,2135.72
LUT,4.2,0.01,443.43,12.26,84617.0,15000000.0,14960000.0,68.82
LWS,10.3,0.67,15.44,10.94,,17717665.0,17717665.0,182.49
M10,16.9,1.94,8.62,12.26,6123.0,30240000.0,30239756.0,505.0
MAC,6.0,0.14,45.14,11.84,3021.0,15139745.0,15139745.0,98.41
MBG,5.1,0.96,5.29,7.08,929449.0,68095200.0,68095200.0,347.29
MBN,8.9,1.0,8.93,24.82,,5750000.0,5750000.0,51.18
MBS,13.9,1.37,10.04,11.94,418612.0,164331084.0,164322193.0,2267.65
MC3,8.0,0.02,336.45,10.79,110.0,3500000.0,3500000.0,28.0
MCC,13.0,0.73,17.72,13.81,500.0,5016124.0,4986173.0,64.82
MCF,9.1,1.12,8.82,11.07,4196.0,10777838.0,10777838.0,106.7
MCG,1.81,0.25,7.4,4.81,20433.0,57510000.0,52050000.0,96.29
MCH,93.2,6.41,14.51,17.18,43737.0,732034645.0,708793818.0,65917.83
MCO,1.9,0.03,67.65,12.76,6941.0,4103929.0,4103929.0,8.21
MCP,28.4,1.0,28.18,13.8,923.0,15071337.0,15052615.0,425.99
MCT,7.3,0.7,10.42,17.0,,2500000.0,2500000.0,18.25
MCV,3.7,inf,,16.42,205939.0,12092161.0,12092161.0,43.53
MDA,9.0,0.2,45.17,11.59,,1200000.0,1200000.0,10.8
MDC,7.3,1.37,5.31,10.9,1421.0,21418346.0,21418346.0,156.35
MDF,5.0,0.31,16.04,12.12,,55113595.0,55113865.0,275.57
MDG,10.4,1.1,9.91,14.27,308.0,10889031.0,10324781.0,112.54
MDN,13.0,2.38,5.46,16.42,,10935584.0,10935584.0,142.16
MDT,7.5,1.77,4.23,13.29,,1510000.0,1510000.0,11.33
MED,39.0,inf,,27.06,4.0,6280095.0,6280095.0,244.92
MEF,1.6,7.63,0.21,30.95,,3940522.0,3891502.0,6.23
MEG,17.0,1.03,16.53,13.46,,44000000.0,44000000.0,748.0
MEL,8.7,0.31,28.09,12.54,,15000000.0,15000000.0,130.5
MFS,27.0,4.34,6.2,25.79,59186.0,7062979.0,7062979.0,189.99
MGC,5.6,0.43,13.11,10.46,,10800000.0,10800000.0,60.48
MGG,40.3,6.24,7.42,28.41,360.0,8999622.0,8999622.0,416.68
MH3,68.5,8.94,8.05,20.04,28586.0,12000000.0,12000000.0,864.0
MHL,3.1,0.22,15.44,11.85,1129.0,5430923.0,5288623.0,17.98
MHY,18.8,2.83,6.65,7254.06,,31800.0,31800.0,0.6
MIC,5.9,0.72,8.21,9.63,346.0,5544946.0,5573521.0,32.88
MIE,10.1,0.04,266.26,9.91,,141991500.0,141991500.0,1434.11
MIG,13.4,1.1,12.12,,146089.0,130000000.0,130000000.0,1729.0
MIH,5.4,inf,,15.02,9860.0,4000000.0,3780000.0,20.41
MJC,12.0,2.55,4.71,15.27,,1596620.0,1596620.0,19.16
MKP,40.5,1.33,30.56,54.26,731.0,23249000.0,22971354.0,930.34
MKV,26.0,0.83,31.17,11.19,,5000038.0,5000038.0,130.0
MLC,7.3,1.44,5.08,35.54,,4171175.0,4171175.0,30.45
MLN,2.0,0.81,2.83,11.35,10712.0,48625332.0,48625332.0,111.84
MML,47.9,0.36,136.65,16.7,33661.0,326714847.0,326714847.0,15878.34
MNB,26.0,2.42,10.74,19.58,41.0,18200000.0,18200000.0,473.2
MND,10.0,0.5,19.82,13.53,140.0,2194475.0,2194475.0,21.94
MPC,30.4,2.72,11.34,25.49,151234.0,200000000.0,197086610.0,6070.27
MPY,7.4,0.87,8.51,11.0,,6143000.0,6143000.0,45.46
MQB,9.7,1.05,9.21,311.86,,3675675.0,3675675.0,35.65
MQN,36.0,11.09,4.6,39.71,7266.0,3060353.0,3060466.0,113.24
MRF,25.3,1.82,15.97,19.48,17.0,3675404.0,3675404.0,106.59
MSH,41.0,5.18,7.93,26.02,117512.0,50009400.0,50009400.0,2055.39
MSN,84.5,2.06,41.01,17.5,992902.0,1174683246.0,1174683246.0,99260.73
MST,5.2,0.26,21.38,10.6,813829.0,35519986.0,35519986.0,195.36
MTC,9.5,0.02,498.11,10.75,,5200000.0,5165000.0,49.07
MTG,3.1,0.24,13.08,6.18,593.0,11999995.0,6300000.0,19.53
MTH,19.0,0.88,24.78,23.96,20.0,4787910.0,4787910.0,104.38
MTL,5.4,0.0,1892.97,9.71,1630.0,6000000.0,6000000.0,32.4
MTP,10.2,1.16,8.77,12.38,,6598367.0,6593767.0,67.26
MTS,14.4,0.97,14.83,11.44,,15000000.0,15000000.0,216.0
MTV,13.6,2.8,4.86,18.28,2.0,5400000.0,5400000.0,73.44
MVB,12.8,2.89,4.43,12.9,2305.0,105000000.0,105000000.0,1344.0
MVC,8.7,0.75,11.67,11.8,550.0,100000000.0,100000000.0,870.0
MVN,10.0,0.08,130.19,6.07,2220.0,1069300000.0,1069300000.0,10693.0
MVY,23.3,1.47,15.82,17.1,,5969946.0,5969946.0,139.1
MWG,115.3,8.47,13.63,33.61,989860.0,345562841.0,452650454.0,52281.13
NAC,2.6,2.59,1.0,11.19,,2835000.0,2835000.0,7.37
NAF,20.5,1.48,13.84,15.56,261814.0,47567852.0,47567790.0,975.14
NAG,4.5,0.61,7.57,12.28,35853.0,15888636.0,15888636.0,73.09
NAP,12.5,0.44,30.42,10.73,290.0,21517200.0,21517200.0,290.48
NAS,27.5,inf,,18.81,472.0,8315764.0,8315764.0,229.52
NAU,9.7,0.14,67.88,37.07,,3669999.0,3669999.0,35.6
NAV,20.9,3.33,6.27,13.23,128.0,8000000.0,7999980.0,167.2
NAW,9.5,0.02,459.11,12.67,133.0,37385983.0,29562207.0,280.84
NBB,22.0,1.92,12.04,26.0,8324.0,100475656.0,78249916.0,1811.49
NBC,5.9,0.25,23.64,11.79,85691.0,36999124.0,36999124.0,218.29
NBE,7.4,1.78,4.16,13.74,2150.0,5000000.0,5000000.0,37.0
NBP,12.3,2.02,5.95,20.53,290.0,12865500.0,12865500.0,154.39
NBR,9.0,2.03,4.43,13.02,,1806000.0,1806000.0,16.25
NBS,40.0,9.1,4.4,51.88,20.0,3153200.0,3153200.0,126.13
NBT,13.0,1.9,6.84,12.93,,29400000.0,29400000.0,382.2
NBW,27.0,1.43,17.0,15.05,20.0,10900000.0,10900000.0,264.87
NCT,71.0,7.66,9.25,16.63,37860.0,26166940.0,26165732.0,1855.15
ND2,28.3,2.14,13.56,13.75,1254.0,49993960.0,49993960.0,1449.82
NDC,36.6,8.83,5.8,38.9,10.0,5680000.0,5964000.0,305.36
NDF,0.5,1.09,0.46,11.09,4110.0,7853800.0,7853800.0,3.93
NDN,20.7,4.26,5.04,14.52,649412.0,62311555.0,62311555.0,1339.7
NDP,29.9,2.39,14.36,19.1,11.0,11100000.0,11100000.0,380.73
NDW,9.4,0.93,10.16,10.74,,34311748.0,34311748.0,322.53
NDX,8.5,0.54,15.81,7.29,3960.0,6087557.0,9587557.0,81.49
NED,8.6,2.03,4.23,10.13,4193.0,40500000.0,40500000.0,348.3
NET,58.6,5.86,10.0,15.96,1504.0,22398374.0,22398374.0,1312.54
NFC,7.9,0.49,16.06,11.45,,15731260.0,15731327.0,124.28
NHA,19.0,2.82,6.81,14.17,118693.0,24144965.0,24144965.0,463.58
NHC,27.6,4.52,6.62,20.65,4375.0,3041542.0,3041542.0,90.94
NHH,47.5,1.39,34.82,15.78,202885.0,34440000.0,36440000.0,1749.12
NHN,30.0,12.39,2.42,14.71,,200000000.0,200000000.0,6000.0
NHS,16.0,0.34,47.06,16.03,1341171.0,60750000.0,60750000.0,959.85
NHT,36.4,2.87,12.72,13.26,9276.0,15411541.0,15411541.0,562.52
NHV,25.1,1.81,13.89,15.46,,3223600.0,3223600.0,80.91
NHW,11.6,inf,,15.22,80.0,22950627.0,22937911.0,247.73
NIS,9.4,inf,,10.72,2340.0,3000000.0,2808000.0,27.8
NKD,43.0,inf,,20.83,40157.0,15124213.0,15122638.0,623.05
NKG,14.4,0.82,17.91,17.9,6384199.0,181999868.0,171999868.0,2537.0
NLC,27.8,inf,,19.4,14899.0,5000000.0,5000000.0,137.0
NLG,29.2,2.74,10.66,20.08,1105217.0,285270660.0,276056209.0,8060.84
NLS,6.8,1.0,6.79,11.4,,5009800.0,5009800.0,34.07
NMK,6.1,1.07,5.72,15.74,170.0,2700000.0,2700000.0,16.47
NNB,9.9,0.36,27.62,10.35,,15080000.0,15080000.0,149.29
NNC,39.3,5.75,6.85,16.99,134158.0,21920000.0,21920000.0,862.55
NNT,24.8,4.95,5.01,18.28,10.0,9490841.0,9490841.0,235.37
NPH,11.4,0.31,36.49,13.31,,2000000.0,2000000.0,22.8
NPS,23.0,0.3,87.36,14.57,240.0,2170000.0,2170000.0,57.29
NQB,26.9,0.38,70.87,10.64,,17230204.0,17230204.0,463.49
NQN,31.6,0.98,32.36,11.28,10.0,50831593.0,50831593.0,1606.28
NQT,8.7,0.64,13.58,10.83,,18233269.0,18233269.0,158.63
NRC,13.2,1.0,13.84,14.64,131731.0,28979805.0,30179805.0,398.37
NS2,10.0,0.22,44.57,10.21,40.0,56800000.0,56800000.0,568.0
NS3,18.4,2.71,8.15,17.07,520.0,6600000.0,7919999.0,145.73
NSC,79.5,11.09,7.21,59.21,14041.0,17586988.0,17574516.0,1405.96
NSH,4.2,0.09,44.35,11.54,168191.0,20693437.0,20693437.0,80.7
NSL,10.2,2.56,6.42,16.25,370.0,6209630.0,10000000.0,102.0
NSS,12.2,2.24,5.44,18.42,,10263942.0,10263942.0,125.22
NST,7.0,0.91,7.56,15.03,71692.0,11202003.0,11202003.0,77.29
NT2,23.7,2.2,10.76,14.22,699991.0,287876029.0,287876029.0,6808.27
NTC,246.9,18.64,23.24,45.46,64496.0,16000000.0,23999980.0,6813.59
NTF,25.0,0.38,66.14,13.43,,6000000.0,6000000.0,150.0
NTH,29.4,2.15,13.75,13.26,3030.0,10802053.0,10802053.0,318.66
NTL,22.7,3.76,6.11,18.01,798955.0,63600000.0,60989950.0,1402.77
NTP,36.7,3.81,9.58,22.77,123227.0,117796183.0,117796183.0,4299.56
NTR,4.8,2.08,2.31,12.47,,1492000.0,1492000.0,7.16
NTW,19.0,1.25,15.24,17.43,1640.0,10000000.0,10000000.0,190.0
NUE,8.3,1.03,8.06,11.6,790.0,6000000.0,6000000.0,49.8
NVL,65.5,5.89,11.39,25.64,2268494.0,984273682.0,985449747.0,66123.68
NVP,6.3,0.18,34.77,11.67,,10963000.0,10963000.0,69.07
NVT,5.71,0.02,273.93,3.01,13934.0,90500000.0,90500000.0,520.38
NWT,5.6,0.37,15.04,10.42,,8500000.0,8500000.0,47.6
